paper_id,sub_class_id,main_class_id,sequence
0,0,0.0,0
1,1,1.0,0
2,1,,0
3,1,,0
4,1,,0
5,1,,0
6,2,2.0,0
7,0,,0
8,0,,0
9,1,,0
10,0,,0
11,1,,0
12,0,,0
13,2,,0
14,1,,0
15,1,,0
16,2,,0
17,0,,0
18,2,,0
19,2,,0
20,1,,0
21,1,,0
22,0,,0
23,2,,0
24,1,,0
25,2,,0
26,1,,0
27,2,,0
28,0,,0
29,2,,0
30,0,,0
31,2,,0
32,0,,0
33,1,,0
34,0,,0
35,2,,0
36,0,,0
37,1,,0
38,2,,0
39,1,,0
40,1,,0
41,0,,0
42,2,,0
43,2,,0
44,2,,0
45,0,,0
46,0,,0
47,2,,0
48,2,,0
49,0,,0
50,2,,0
51,2,,0
52,0,,0
53,0,,0
54,0,,0
55,2,,0
56,0,,0
57,1,,0
58,1,,0
59,2,,0
60,0,,0
61,1,,0
62,1,,0
63,2,,0
64,1,,0
65,1,,0
66,0,,0
67,2,,0
68,1,,0
69,0,,0
70,0,,0
71,0,,0
72,0,,0
73,0,,0
74,2,,0
75,1,,0
76,2,,0
77,2,,0
78,2,,0
79,0,,0
80,0,,0
81,0,,0
82,2,,0
83,1,,0
84,0,,0
85,0,,0
86,0,,0
87,2,,0
88,0,,0
89,1,,0
90,2,,0
91,0,,0
92,1,,0
93,1,,0
94,2,,0
95,2,,0
96,1,,0
97,2,,0
98,2,,0
99,1,,0
100,2,,0
101,1,,0
102,1,,0
103,2,,0
104,0,,0
105,0,,0
106,1,,0
107,1,,0
108,0,,0
109,0,,0
110,2,,0
111,2,,0
112,2,,0
113,0,,0
114,2,,0
115,2,,0
116,1,,0
117,1,,0
118,0,,0
119,2,,0
120,0,,0
121,2,,0
122,1,,0
123,2,,0
124,0,,0
125,1,,0
126,0,,0
127,1,,0
128,1,,0
129,1,,0
130,2,,0
131,0,,0
132,1,,0
133,0,,0
134,2,,0
135,1,,0
136,2,,0
137,2,,0
138,1,,0
139,0,,0
140,1,,0
141,2,,0
142,1,,0
143,2,,0
144,2,,0
145,1,,0
146,2,,0
147,0,,0
148,2,,0
149,2,,0
150,2,,0
151,2,,0
152,0,,0
153,0,,0
154,2,,0
155,2,,0
156,1,,0
157,2,,0
158,1,,0
159,2,,0
160,1,,0
161,0,,0
162,2,,0
163,2,,0
164,2,,0
165,1,,0
166,1,,0
167,2,,0
168,0,,0
169,2,,0
170,1,,0
171,2,,0
172,2,,0
173,2,,0
174,0,,0
175,2,,0
176,1,,0
177,1,,0
178,0,,0
179,1,,0
180,2,,0
181,0,,0
182,2,,0
183,1,,0
184,0,,0
185,0,,0
186,0,,0
187,1,,0
188,1,,0
189,2,,0
190,1,,0
191,0,,0
192,1,,0
193,1,,0
194,1,,0
195,0,,0
196,0,,0
197,2,,0
198,2,,0
199,2,,0
200,2,,0
201,0,,0
202,2,,0
203,2,,0
204,0,,0
205,2,,0
206,0,,0
207,1,,0
208,0,,0
209,1,,0
210,1,,0
211,2,,0
212,1,,0
213,0,,0
214,0,,0
215,1,,0
216,1,,0
217,0,,0
218,0,,0
219,1,,0
220,2,,0
221,2,,0
222,2,,0
223,2,,0
224,1,,0
225,1,,0
226,1,,0
227,0,,0
228,0,,0
229,2,,0
230,1,,0
231,1,,0
232,1,,0
233,2,,0
234,0,,0
235,1,,0
236,1,,0
237,2,,0
238,1,,0
239,0,,0
240,1,,0
241,0,,0
242,1,,0
243,1,,0
244,1,,0
245,1,,0
246,1,,0
247,0,,0
248,0,,0
249,1,,0
250,2,,0
251,2,,0
252,0,,0
253,1,,0
254,2,,0
255,0,,0
256,2,,0
257,1,,0
258,2,,0
259,0,,0
260,2,,0
261,1,,0
262,0,,0
263,2,,0
264,1,,0
265,1,,0
266,1,,0
267,0,,0
268,0,,0
269,0,,0
270,2,,0
271,2,,0
272,2,,0
273,0,,0
274,2,,0
275,0,,0
276,2,,0
277,2,,0
278,2,,0
279,0,,0
280,1,,0
281,1,,0
282,0,,0
283,0,,0
284,2,,0
285,1,,0
286,0,,0
287,0,,0
288,0,,0
289,1,,0
290,0,,0
291,2,,0
292,1,,0
293,2,,0
294,2,,0
295,1,,0
296,2,,0
297,1,,0
298,1,,0
299,0,,0
300,2,,0
301,1,,0
302,1,,0
303,0,,0
304,1,,0
305,0,,0
306,1,,0
307,0,,0
308,0,,0
309,0,,0
310,1,,0
311,2,,0
312,2,,0
313,0,,0
314,1,,0
315,1,,0
316,0,,0
317,2,,0
318,1,,0
319,0,,0
320,0,,0
321,2,,0
322,0,,0
323,0,,0
324,2,,0
325,2,,0
326,2,,0
327,2,,0
328,0,,0
329,0,,0
330,0,,0
331,0,,0
332,1,,0
333,0,,0
334,2,,0
335,1,,0
336,1,,0
337,0,,0
338,2,,0
339,2,,0
340,1,,0
341,2,,0
342,0,,0
343,2,,0
344,1,,0
345,1,,0
346,2,,0
347,1,,0
348,1,,0
349,1,,0
350,2,,0
351,1,,0
352,2,,0
353,1,,0
354,0,,0
355,1,,0
356,1,,0
357,1,,0
358,0,,0
359,0,,0
360,2,,0
361,1,,0
362,0,,0
363,2,,0
364,2,,0
365,2,,0
366,1,,0
367,0,,0
368,0,,0
369,2,,0
370,0,,0
371,0,,0
372,1,,0
373,0,,0
374,2,,0
375,1,,0
376,2,,0
377,1,,0
378,0,,0
379,1,,0
380,1,,0
381,1,,0
382,0,,0
383,2,,0
384,2,,0
385,0,,0
386,1,,0
387,2,,0
388,0,,0
389,2,,0
390,2,,0
391,0,,0
392,0,,0
393,0,,0
394,2,,0
395,2,,0
396,1,,0
397,0,,0
398,1,,0
399,0,,0
400,0,,0
401,2,,0
402,0,,0
403,2,,0
404,2,,0
405,0,,0
406,2,,0
407,1,,0
408,0,,0
409,0,,0
410,1,,0
411,1,,0
412,1,,0
413,1,,0
414,0,,0
415,0,,0
416,1,,0
417,0,,0
418,1,,0
419,2,,0
420,0,,0
421,1,,0
422,1,,0
423,1,,0
424,0,,0
425,2,,0
426,2,,0
427,0,,0
428,0,,0
429,0,,0
430,1,,0
431,2,,0
432,0,,0
433,0,,0
434,2,,0
435,1,,0
436,0,,0
437,0,,0
438,0,,0
439,1,,0
440,0,,0
441,2,,0
442,0,,0
443,2,,0
444,2,,0
445,0,,0
446,1,,0
447,0,,0
448,2,,0
449,2,,0
450,0,,0
451,1,,0
452,0,,0
453,0,,0
454,0,,0
455,0,,0
456,1,,0
457,2,,0
458,2,,0
459,1,,0
460,2,,0
461,2,,0
462,2,,0
463,2,,0
464,0,,0
465,2,,0
466,1,,0
467,1,,0
468,2,,0
469,0,,0
470,1,,0
471,2,,0
472,2,,0
473,2,,0
474,1,,0
475,0,,0
476,1,,0
477,1,,0
478,1,,0
479,2,,0
480,0,,0
481,1,,0
482,0,,0
483,1,,0
484,2,,0
485,0,,0
486,2,,0
487,1,,0
488,0,,0
489,0,,0
490,2,,0
491,0,,0
492,0,,0
493,0,,0
494,2,,0
495,1,,0
496,1,,0
497,0,,0
498,0,,0
499,1,,0
500,0,,0
501,1,,0
502,2,,0
503,0,,0
504,0,,0
505,1,,0
506,1,,0
507,1,,0
508,1,,0
509,2,,0
510,0,,0
511,0,,0
512,1,,0
513,0,,0
514,1,,0
515,0,,0
516,0,,0
517,1,,0
518,2,,0
519,1,,0
520,1,,0
521,2,,0
522,1,,0
523,0,,0
524,2,,0
525,0,,0
526,1,,0
527,2,,0
528,0,,0
529,0,,0
530,2,,0
531,1,,0
532,0,,0
533,1,,0
534,1,,0
535,1,,0
536,2,,0
537,2,,0
538,2,,0
539,2,,0
540,1,,0
541,0,,0
542,0,,0
543,0,,0
544,0,,0
545,1,,0
546,1,,0
547,1,,0
548,2,,0
549,1,,0
550,0,,0
551,1,,0
552,2,,0
553,0,,0
554,0,,0
555,2,,0
556,1,,0
557,2,,0
558,2,,0
559,2,,0
560,1,,0
561,2,,0
562,0,,0
563,2,,0
564,2,,0
565,0,,0
566,0,,0
567,1,,0
568,0,,0
569,2,,0
570,1,,0
571,2,,0
572,1,,0
573,1,,0
574,0,,0
575,1,,0
576,2,,0
577,0,,0
578,0,,0
579,1,,0
580,2,,0
581,2,,0
582,1,,0
583,1,,0
584,1,,0
585,0,,0
586,1,,0
587,2,,0
588,0,,0
589,2,,0
590,1,,0
591,0,,0
592,1,,0
593,0,,0
594,0,,0
595,2,,0
596,1,,0
597,2,,0
598,2,,0
599,2,,0
600,2,,0
601,1,,0
602,1,,0
603,1,,0
604,0,,0
605,1,,0
606,1,,0
607,1,,0
608,1,,0
609,1,,0
610,2,,0
611,2,,0
612,1,,0
613,1,,0
614,1,,0
615,1,,0
616,0,,0
617,1,,0
618,1,,0
619,1,,0
620,1,,0
621,1,,0
622,1,,0
623,1,,0
624,2,,0
625,1,,0
626,2,,0
627,1,,0
628,1,,0
629,0,,0
630,2,,0
631,2,,0
632,2,,0
633,2,,0
634,1,,0
635,1,,0
636,0,,0
637,1,,0
638,0,,0
639,1,,0
640,2,,0
641,0,,0
642,2,,0
643,2,,0
644,2,,0
645,1,,0
646,2,,0
647,2,,0
648,2,,0
649,0,,0
650,2,,0
651,1,,0
652,0,,0
653,2,,0
654,2,,0
655,0,,0
656,2,,0
657,1,,0
658,0,,0
659,0,,0
660,1,,0
661,0,,0
662,0,,0
663,1,,0
664,0,,0
665,1,,0
666,0,,0
667,1,,0
668,1,,0
669,1,,0
670,0,,0
671,0,,0
672,1,,0
673,1,,0
674,2,,0
675,2,,0
676,2,,0
677,2,,0
678,1,,0
679,1,,0
680,1,,0
681,0,,0
682,0,,0
683,1,,0
684,1,,0
685,2,,0
686,0,,0
687,2,,0
688,2,,0
689,0,,0
690,0,,0
691,2,,0
692,2,,0
693,1,,0
694,1,,0
695,1,,0
696,1,,0
697,2,,0
698,0,,0
699,1,,0
700,1,,0
701,2,,0
702,1,,0
703,2,,0
704,2,,0
705,0,,0
706,1,,0
707,0,,0
708,1,,0
709,1,,0
710,1,,0
711,2,,0
712,1,,0
713,1,,0
714,0,,0
715,1,,0
716,0,,0
717,0,,0
718,2,,0
719,0,,0
720,0,,0
721,2,,0
722,0,,0
723,1,,0
724,1,,0
725,2,,0
726,1,,0
727,2,,0
728,2,,0
729,1,,0
730,1,,0
731,2,,0
732,0,,0
733,1,,0
734,0,,0
735,2,,0
736,0,,0
737,2,,0
738,0,,0
739,2,,0
740,1,,0
741,1,,0
742,0,,0
743,0,,0
744,0,,0
745,1,,0
746,2,,0
747,0,,0
748,2,,0
749,0,,0
750,0,,0
751,0,,0
752,0,,0
753,1,,0
754,1,,0
755,2,,0
756,0,,0
757,2,,0
758,2,,0
759,0,,0
760,0,,0
761,1,,0
762,2,,0
763,2,,0
764,2,,0
765,1,,0
766,2,,0
767,0,,0
768,2,,0
769,0,,0
770,0,,0
771,1,,0
772,2,,0
773,0,,0
774,2,,0
775,1,,0
776,1,,0
777,1,,0
778,2,,0
779,1,,0
780,2,,0
781,2,,0
782,0,,0
783,0,,0
784,2,,0
785,0,,0
786,1,,0
787,2,,0
788,0,,0
789,2,,0
790,2,,0
791,1,,0
792,1,,0
793,1,,0
794,2,,0
795,0,,0
796,2,,0
797,1,,0
798,0,,0
799,1,,0
800,2,,0
801,0,,0
802,1,,0
803,1,,0
804,0,,0
805,0,,0
806,1,,0
807,0,,0
808,2,,0
809,1,,0
810,1,,0
811,1,,0
812,0,,0
813,2,,0
814,0,,0
815,0,,0
816,0,,0
817,2,,0
818,2,,0
819,1,,0
820,2,,0
821,2,,0
822,1,,0
823,2,,0
824,2,,0
825,2,,0
826,1,,0
827,2,,0
828,2,,0
829,0,,0
830,2,,0
831,1,,0
832,1,,0
833,1,,0
834,1,,0
835,1,,0
836,2,,0
837,2,,0
838,2,,0
839,0,,0
840,1,,0
841,0,,0
842,1,,0
843,2,,0
844,1,,0
845,2,,0
846,2,,0
847,1,,0
848,1,,0
849,0,,0
850,0,,0
851,0,,0
852,1,,0
853,2,,0
854,2,,0
855,2,,0
856,0,,0
857,2,,0
858,2,,0
859,1,,0
860,2,,0
861,0,,0
862,0,,0
863,1,,0
864,1,,0
865,0,,0
866,0,,0
867,1,,0
868,0,,0
869,1,,0
870,0,,0
871,1,,0
872,1,,0
873,1,,0
874,1,,0
875,1,,0
876,1,,0
877,0,,0
878,1,,0
879,0,,0
880,1,,0
881,2,,0
882,1,,0
883,1,,0
884,0,,0
885,2,,0
886,2,,0
887,2,,0
888,0,,0
889,0,,0
890,0,,0
891,0,,0
892,2,,0
893,1,,0
894,2,,0
895,0,,0
896,1,,0
897,1,,0
898,0,,0
899,1,,0
900,1,,0
901,1,,0
902,2,,0
903,1,,0
904,2,,0
905,0,,0
906,2,,0
907,1,,0
908,0,,0
909,2,,0
910,0,,0
911,1,,0
912,0,,0
913,2,,0
914,2,,0
915,1,,0
916,2,,0
917,1,,0
918,2,,0
919,2,,0
920,2,,0
921,2,,0
922,2,,0
923,0,,0
924,0,,0
925,1,,0
926,2,,0
927,1,,0
928,1,,0
929,1,,0
930,0,,0
931,1,,0
932,2,,0
933,0,,0
934,1,,0
935,0,,0
936,2,,0
937,2,,0
938,0,,0
939,2,,0
940,0,,0
941,2,,0
942,1,,0
943,0,,0
944,1,,0
945,1,,0
946,2,,0
947,2,,0
948,2,,0
949,1,,0
950,0,,0
951,0,,0
952,0,,0
953,1,,0
954,0,,0
955,0,,0
956,1,,0
957,0,,0
958,1,,0
959,0,,0
960,0,,0
961,0,,0
962,0,,0
963,2,,0
964,2,,0
965,0,,0
966,0,,0
967,0,,0
968,0,,0
969,1,,0
970,0,,0
971,2,,0
972,1,,0
973,2,,0
974,0,,0
975,0,,0
976,1,,0
977,1,,0
978,0,,0
979,0,,0
980,0,,0
981,1,,0
982,1,,0
983,0,,0
984,0,,0
985,0,,0
986,2,,0
987,2,,0
988,2,,0
989,1,,0
990,1,,0
991,2,,0
992,2,,0
993,0,,0
994,1,,0
995,1,,0
996,0,,0
997,1,,0
998,2,,0
999,1,,0
1000,1,,0
1001,1,,0
1002,0,,0
1003,2,,0
1004,0,,0
1005,1,,0
1006,0,,0
1007,2,,0
1008,2,,0
1009,1,,0
1010,0,,0
1011,0,,0
1012,2,,0
1013,2,,0
1014,1,,0
1015,2,,0
1016,0,,0
1017,1,,0
1018,2,,0
1019,0,,0
1020,2,,0
1021,1,,0
1022,2,,0
1023,2,,0
1024,2,,0
1025,1,,0
1026,1,,0
1027,2,,0
1028,2,,0
1029,0,,0
1030,1,,0
1031,1,,0
1032,1,,0
1033,0,,0
1034,2,,0
1035,1,,0
1036,2,,0
1037,2,,0
1038,1,,0
1039,0,,0
1040,1,,0
1041,0,,0
1042,0,,0
1043,2,,0
1044,0,,0
1045,0,,0
1046,2,,0
1047,2,,0
1048,0,,0
1049,1,,0
1050,1,,0
1051,2,,0
1052,0,,0
1053,0,,0
1054,0,,0
1055,2,,0
1056,1,,0
1057,1,,0
1058,1,,0
1059,2,,0
1060,0,,0
1061,1,,0
1062,0,,0
1063,0,,0
1064,2,,0
1065,1,,0
1066,2,,0
1067,1,,0
1068,0,,0
1069,0,,0
1070,1,,0
1071,1,,0
1072,0,,0
1073,2,,0
1074,2,,0
1075,2,,0
1076,1,,0
1077,0,,0
1078,0,,0
1079,2,,0
1080,0,,0
1081,1,,0
1082,0,,0
1083,2,,0
1084,2,,0
1085,0,,0
1086,0,,0
1087,1,,0
1088,1,,0
1089,0,,0
1090,1,,0
1091,1,,0
1092,0,,0
1093,1,,0
1094,0,,0
1095,0,,0
1096,1,,0
1097,2,,0
1098,2,,0
1099,1,,0
1100,0,,0
1101,1,,0
1102,1,,0
1103,2,,0
1104,0,,0
1105,0,,0
1106,1,,0
1107,2,,0
1108,2,,0
1109,2,,0
1110,0,,0
1111,0,,0
1112,0,,0
1113,2,,0
1114,2,,0
1115,1,,0
1116,2,,0
1117,1,,0
1118,0,,0
1119,0,,0
1120,1,,0
1121,0,,0
1122,1,,0
1123,2,,0
1124,0,,0
1125,2,,0
1126,2,,0
1127,2,,0
1128,0,,0
1129,1,,0
1130,0,,0
1131,2,,0
1132,1,,0
1133,2,,0
1134,2,,0
1135,1,,0
1136,0,,0
1137,1,,0
1138,2,,0
1139,2,,0
1140,0,,0
1141,0,,0
1142,1,,0
1143,1,,0
1144,1,,0
1145,1,,0
1146,1,,0
1147,1,,0
1148,0,,0
1149,0,,0
1150,1,,0
1151,1,,0
1152,1,,0
1153,0,,0
1154,1,,0
1155,0,,0
1156,1,,0
1157,1,,0
1158,0,,0
1159,2,,0
1160,1,,0
1161,1,,0
1162,1,,0
1163,1,,0
1164,2,,0
1165,1,,0
1166,2,,0
1167,0,,0
1168,0,,0
1169,2,,0
1170,2,,0
1171,2,,0
1172,1,,0
1173,1,,0
1174,2,,0
1175,0,,0
1176,2,,0
1177,0,,0
1178,0,,0
1179,0,,0
1180,1,,0
1181,2,,0
1182,2,,0
1183,0,,0
1184,0,,0
1185,0,,0
1186,1,,0
1187,0,,0
1188,0,,0
1189,0,,0
1190,1,,0
1191,2,,0
1192,2,,0
1193,1,,0
1194,0,,0
1195,0,,0
1196,0,,0
1197,0,,0
1198,1,,0
1199,1,,0
1200,0,,0
1201,0,,0
1202,2,,0
1203,1,,0
1204,1,,0
1205,1,,0
1206,0,,0
1207,1,,0
1208,0,,0
1209,2,,0
1210,0,,0
1211,1,,0
1212,2,,0
1213,1,,0
1214,2,,0
1215,0,,0
1216,2,,0
1217,2,,0
1218,0,,0
1219,1,,0
1220,2,,0
1221,1,,0
1222,1,,0
1223,1,,0
1224,1,,0
1225,1,,0
1226,2,,0
1227,2,,0
1228,0,,0
1229,1,,0
1230,0,,0
1231,1,,0
1232,0,,0
1233,0,,0
1234,2,,0
1235,1,,0
1236,2,,0
1237,1,,0
1238,1,,0
1239,2,,0
1240,1,,0
1241,1,,0
1242,0,,0
1243,2,,0
1244,0,,0
1245,1,,0
1246,2,,0
1247,2,,0
1248,1,,0
1249,0,,0
1250,2,,0
1251,0,,0
1252,1,,0
1253,1,,0
1254,1,,0
1255,1,,0
1256,2,,0
1257,2,,0
1258,0,,0
1259,2,,0
1260,2,,0
1261,2,,0
1262,1,,0
1263,0,,0
1264,1,,0
1265,1,,0
1266,0,,0
1267,1,,0
1268,0,,0
1269,2,,0
1270,1,,0
1271,0,,0
1272,1,,0
1273,2,,0
1274,0,,0
1275,2,,0
1276,1,,0
1277,1,,0
1278,1,,0
1279,0,,0
1280,1,,0
1281,1,,0
1282,0,,0
1283,2,,0
1284,1,,0
1285,2,,0
1286,0,,0
1287,1,,0
1288,0,,0
1289,2,,0
1290,0,,0
1291,1,,0
1292,1,,0
1293,1,,0
1294,1,,0
1295,1,,0
1296,1,,0
1297,2,,0
1298,2,,0
1299,1,,0
1300,1,,0
1301,2,,0
1302,1,,0
1303,2,,0
1304,2,,0
1305,0,,0
1306,2,,0
1307,1,,0
1308,0,,0
1309,1,,0
1310,1,,0
1311,0,,0
1312,2,,0
1313,0,,0
1314,0,,0
1315,1,,0
1316,1,,0
1317,1,,0
1318,1,,0
1319,2,,0
1320,1,,0
1321,1,,0
1322,1,,0
1323,0,,0
1324,0,,0
1325,1,,0
1326,1,,0
1327,0,,0
1328,2,,0
1329,1,,0
1330,2,,0
1331,1,,0
1332,2,,0
1333,2,,0
1334,0,,0
1335,2,,0
1336,2,,0
1337,0,,0
1338,0,,0
1339,1,,0
1340,0,,0
1341,2,,0
1342,0,,0
1343,0,,0
1344,1,,0
1345,1,,0
1346,0,,0
1347,0,,0
1348,1,,0
1349,1,,0
1350,1,,0
1351,1,,0
1352,1,,0
1353,2,,0
1354,0,,0
1355,1,,0
1356,1,,0
1357,1,,0
1358,0,,0
1359,0,,0
1360,0,,0
1361,2,,0
1362,2,,0
1363,2,,0
1364,1,,0
1365,2,,0
1366,1,,0
1367,0,,0
1368,1,,0
1369,0,,0
1370,2,,0
1371,1,,0
1372,0,,0
1373,1,,0
1374,2,,0
1375,2,,0
1376,2,,0
1377,1,,0
1378,2,,0
1379,2,,0
1380,0,,0
1381,1,,0
1382,0,,0
1383,1,,0
1384,1,,0
1385,2,,0
1386,1,,0
1387,1,,0
1388,0,,0
1389,2,,0
1390,2,,0
1391,1,,0
1392,0,,0
1393,1,,0
1394,2,,0
1395,1,,0
1396,2,,0
1397,2,,0
1398,1,,0
1399,2,,0
1400,1,,0
1401,0,,0
1402,1,,0
1403,2,,0
1404,2,,0
1405,0,,0
1406,1,,0
1407,1,,0
1408,2,,0
1409,1,,0
1410,0,,0
1411,2,,0
1412,0,,0
1413,2,,0
1414,1,,0
1415,0,,0
1416,2,,0
1417,2,,0
1418,0,,0
1419,0,,0
1420,1,,0
1421,1,,0
1422,2,,0
1423,1,,0
1424,1,,0
1425,2,,0
1426,1,,0
1427,0,,0
1428,2,,0
1429,2,,0
1430,2,,0
1431,1,,0
1432,1,,0
1433,0,,0
1434,0,,0
1435,1,,0
1436,0,,0
1437,1,,0
1438,1,,0
1439,2,,0
1440,1,,0
1441,2,,0
1442,1,,0
1443,1,,0
1444,1,,0
1445,2,,0
1446,2,,0
1447,2,,0
1448,2,,0
1449,2,,0
1450,1,,0
1451,2,,0
1452,1,,0
1453,1,,0
1454,0,,0
1455,1,,0
1456,1,,0
1457,1,,0
1458,1,,0
1459,1,,0
1460,0,,0
1461,0,,0
1462,2,,0
1463,1,,0
1464,0,,0
1465,2,,0
1466,2,,0
1467,2,,0
1468,1,,0
1469,1,,0
1470,0,,0
1471,2,,0
1472,0,,0
1473,2,,0
1474,0,,0
1475,2,,0
1476,2,,0
1477,2,,0
1478,1,,0
1479,0,,0
1480,2,,0
1481,0,,0
1482,2,,0
1483,0,,0
1484,0,,0
1485,2,,0
1486,0,,0
1487,1,,0
1488,2,,0
1489,1,,0
1490,0,,0
1491,0,,0
1492,0,,0
1493,0,,0
1494,2,,0
1495,0,,0
1496,1,,0
1497,2,,0
1498,2,,0
1499,1,,0
1500,1,,0
1501,2,,0
1502,0,,0
1503,1,,0
1504,0,,0
1505,2,,0
1506,0,,0
1507,1,,0
1508,0,,0
1509,1,,0
1510,2,,0
1511,0,,0
1512,1,,0
1513,0,,0
1514,2,,0
1515,0,,0
1516,0,,0
1517,2,,0
1518,1,,0
1519,0,,0
1520,0,,0
1521,2,,0
1522,2,,0
1523,2,,0
1524,0,,0
1525,1,,0
1526,2,,0
1527,2,,0
1528,1,,0
1529,2,,0
1530,2,,0
1531,0,,0
1532,2,,0
1533,0,,0
1534,1,,0
1535,0,,0
1536,1,,0
1537,1,,0
1538,1,,0
1539,0,,0
1540,2,,0
1541,2,,0
1542,2,,0
1543,1,,0
1544,0,,0
1545,2,,0
1546,1,,0
1547,2,,0
1548,2,,0
1549,2,,0
1550,1,,0
1551,2,,0
1552,2,,0
1553,2,,0
1554,2,,0
1555,0,,0
1556,2,,0
1557,0,,0
1558,1,,0
1559,0,,0
1560,1,,0
1561,2,,0
1562,2,,0
1563,1,,0
1564,1,,0
1565,0,,0
1566,2,,0
1567,2,,0
1568,2,,0
1569,1,,0
1570,1,,0
1571,2,,0
1572,0,,0
1573,1,,0
1574,2,,0
1575,1,,0
1576,1,,0
1577,2,,0
1578,1,,0
1579,2,,0
1580,1,,0
1581,1,,0
1582,1,,0
1583,0,,0
1584,0,,0
1585,0,,0
1586,2,,0
1587,1,,0
1588,0,,0
1589,2,,0
1590,2,,0
1591,2,,0
1592,2,,0
1593,0,,0
1594,0,,0
1595,0,,0
1596,0,,0
1597,0,,0
1598,0,,0
1599,1,,0
1600,1,,0
1601,2,,0
1602,1,,0
1603,0,,0
1604,1,,0
1605,1,,0
1606,0,,0
1607,2,,0
1608,1,,0
1609,2,,0
1610,1,,0
1611,0,,0
1612,2,,0
1613,2,,0
1614,1,,0
1615,2,,0
1616,2,,0
1617,1,,0
1618,1,,0
1619,1,,0
1620,1,,0
1621,2,,0
1622,0,,0
1623,2,,0
1624,2,,0
1625,2,,0
1626,0,,0
1627,1,,0
1628,1,,0
1629,0,,0
1630,1,,0
1631,0,,0
1632,1,,0
1633,1,,0
1634,2,,0
1635,2,,0
1636,1,,0
1637,1,,0
1638,0,,0
1639,0,,0
1640,0,,0
1641,2,,0
1642,0,,0
1643,0,,0
1644,2,,0
1645,1,,0
1646,1,,0
1647,2,,0
1648,1,,0
1649,2,,0
1650,0,,0
1651,2,,0
1652,1,,0
1653,0,,0
1654,0,,0
1655,1,,0
1656,0,,0
1657,1,,0
1658,0,,0
1659,2,,0
1660,1,,0
1661,1,,0
1662,0,,0
1663,0,,0
1664,1,,0
1665,2,,0
1666,2,,0
1667,1,,0
1668,2,,0
1669,2,,0
1670,1,,0
1671,2,,0
1672,0,,0
1673,1,,0
1674,1,,0
1675,1,,0
1676,2,,0
1677,0,,0
1678,1,,0
1679,0,,0
1680,2,,0
1681,2,,0
1682,1,,0
1683,1,,0
1684,1,,0
1685,2,,0
1686,1,,0
1687,1,,0
1688,2,,0
1689,2,,0
1690,2,,0
1691,0,,0
1692,1,,0
1693,0,,0
1694,1,,0
1695,2,,0
1696,1,,0
1697,2,,0
1698,1,,0
1699,0,,0
1700,1,,0
1701,2,,0
1702,0,,0
1703,2,,0
1704,1,,0
1705,0,,0
1706,2,,0
1707,1,,0
1708,0,,0
1709,1,,0
1710,1,,0
1711,1,,0
1712,1,,0
1713,0,,0
1714,0,,0
1715,0,,0
1716,0,,0
1717,1,,0
1718,2,,0
1719,1,,0
1720,0,,0
1721,1,,0
1722,0,,0
1723,2,,0
1724,1,,0
1725,2,,0
1726,1,,0
1727,0,,0
1728,0,,0
1729,0,,0
1730,0,,0
1731,1,,0
1732,2,,0
1733,2,,0
1734,2,,0
1735,2,,0
1736,1,,0
1737,2,,0
1738,1,,0
1739,2,,0
1740,0,,0
1741,0,,0
1742,1,,0
1743,2,,0
1744,2,,0
1745,0,,0
1746,0,,0
1747,2,,0
1748,2,,0
1749,2,,0
1750,2,,0
1751,2,,0
1752,0,,0
1753,0,,0
1754,2,,0
1755,1,,0
1756,0,,0
1757,0,,0
1758,0,,0
1759,0,,0
1760,2,,0
1761,1,,0
1762,0,,0
1763,2,,0
1764,0,,0
1765,2,,0
1766,1,,0
1767,0,,0
1768,2,,0
1769,0,,0
1770,2,,0
1771,1,,0
1772,0,,0
1773,1,,0
1774,0,,0
1775,1,,0
1776,2,,0
1777,2,,0
1778,0,,0
1779,2,,0
1780,2,,0
1781,1,,0
1782,0,,0
1783,2,,0
1784,1,,0
1785,2,,0
1786,2,,0
1787,1,,0
1788,0,,0
1789,2,,0
1790,1,,0
1791,1,,0
1792,1,,0
1793,2,,0
1794,1,,0
1795,1,,0
1796,2,,0
1797,2,,0
1798,1,,0
1799,0,,0
1800,0,,0
1801,0,,0
1802,2,,0
1803,1,,0
1804,0,,0
1805,2,,0
1806,0,,0
1807,2,,0
1808,0,,0
1809,0,,0
1810,1,,0
1811,0,,0
1812,0,,0
1813,2,,0
1814,0,,0
1815,0,,0
1816,0,,0
1817,2,,0
1818,1,,0
1819,0,,0
1820,1,,0
1821,1,,0
1822,0,,0
1823,0,,0
1824,2,,0
1825,0,,0
1826,0,,0
1827,2,,0
1828,2,,0
1829,2,,0
1830,0,,0
1831,2,,0
1832,1,,0
1833,0,,0
1834,2,,0
1835,0,,0
1836,2,,0
1837,2,,0
1838,1,,0
1839,0,,0
1840,1,,0
1841,1,,0
1842,0,,0
1843,2,,0
1844,2,,0
1845,1,,0
1846,0,,0
1847,2,,0
1848,1,,0
1849,1,,0
1850,1,,0
1851,1,,0
1852,1,,0
1853,0,,0
1854,0,,0
1855,0,,0
1856,1,,0
1857,1,,0
1858,1,,0
1859,0,,0
1860,0,,0
1861,0,,0
1862,1,,0
1863,0,,0
1864,0,,0
1865,2,,0
1866,2,,0
1867,2,,0
1868,2,,0
1869,1,,0
1870,1,,0
1871,1,,0
1872,0,,0
1873,0,,0
1874,2,,0
1875,1,,0
1876,1,,0
1877,0,,0
1878,0,,0
1879,1,,0
1880,2,,0
1881,0,,0
1882,0,,0
1883,2,,0
1884,2,,0
1885,2,,0
1886,2,,0
1887,0,,0
1888,1,,0
1889,1,,0
1890,0,,0
1891,0,,0
1892,1,,0
1893,1,,0
1894,1,,0
1895,1,,0
1896,2,,0
1897,0,,0
1898,0,,0
1899,2,,0
1900,2,,0
1901,0,,0
1902,1,,0
1903,0,,0
1904,2,,0
1905,2,,0
1906,0,,0
1907,1,,0
1908,1,,0
1909,0,,0
1910,1,,0
1911,1,,0
1912,1,,0
1913,2,,0
1914,0,,0
1915,2,,0
1916,0,,0
1917,1,,0
1918,2,,0
1919,1,,0
1920,1,,0
1921,2,,0
1922,1,,0
1923,2,,0
1924,1,,0
1925,1,,0
1926,0,,0
1927,2,,0
1928,2,,0
1929,2,,0
1930,2,,0
1931,0,,0
1932,2,,0
1933,1,,0
1934,2,,0
1935,2,,0
1936,1,,0
1937,0,,0
1938,1,,0
1939,1,,0
1940,0,,0
1941,2,,0
1942,0,,0
1943,2,,0
1944,2,,0
1945,0,,0
1946,1,,0
1947,0,,0
1948,0,,0
1949,0,,0
1950,1,,0
1951,2,,0
1952,1,,0
1953,1,,0
1954,2,,0
1955,1,,0
1956,1,,0
1957,1,,0
1958,1,,0
1959,0,,0
1960,1,,0
1961,0,,0
1962,0,,0
1963,1,,0
1964,0,,0
1965,2,,0
1966,0,,0
1967,1,,0
1968,2,,0
1969,0,,0
1970,1,,0
1971,1,,0
1972,1,,0
1973,2,,0
1974,0,,0
1975,2,,0
1976,1,,0
1977,1,,0
1978,1,,0
1979,1,,0
1980,0,,0
1981,1,,0
1982,0,,0
1983,2,,0
1984,1,,0
1985,2,,0
1986,1,,0
1987,1,,0
1988,1,,0
1989,0,,0
1990,1,,0
1991,2,,0
1992,2,,0
1993,0,,0
1994,0,,0
1995,2,,0
1996,2,,0
1997,1,,0
1998,1,,0
1999,1,,0
2000,0,,0
2001,0,,0
2002,2,,0
2003,1,,0
2004,1,,0
2005,2,,0
2006,0,,0
2007,2,,0
2008,1,,0
2009,1,,0
2010,0,,0
2011,1,,0
2012,2,,0
2013,0,,0
2014,0,,0
2015,1,,0
2016,2,,0
2017,1,,0
2018,1,,0
2019,1,,0
2020,2,,0
2021,0,,0
2022,2,,0
2023,2,,0
2024,2,,0
2025,0,,0
2026,1,,0
2027,1,,0
2028,1,,0
2029,2,,0
2030,2,,0
2031,1,,0
2032,1,,0
2033,0,,0
2034,0,,0
2035,2,,0
2036,0,,0
2037,1,,0
2038,0,,0
2039,0,,0
2040,2,,0
2041,2,,0
2042,1,,0
2043,0,,0
2044,0,,0
2045,0,,0
2046,0,,0
2047,2,,0
2048,1,,0
2049,1,,0
2050,2,,0
2051,2,,0
2052,0,,0
2053,2,,0
2054,1,,0
2055,2,,0
2056,0,,0
2057,0,,0
2058,0,,0
2059,2,,0
2060,1,,0
2061,2,,0
2062,2,,0
2063,0,,0
2064,1,,0
2065,2,,0
2066,1,,0
2067,0,,0
2068,0,,0
2069,0,,0
2070,1,,0
2071,2,,0
2072,0,,0
2073,0,,0
2074,2,,0
2075,0,,0
2076,2,,0
2077,1,,0
2078,2,,0
2079,0,,0
2080,1,,0
2081,0,,0
2082,1,,0
2083,1,,0
2084,0,,0
2085,0,,0
2086,1,,0
2087,2,,0
2088,0,,0
2089,1,,0
2090,2,,0
2091,2,,0
2092,0,,0
2093,2,,0
2094,1,,0
2095,2,,0
2096,1,,0
2097,2,,0
2098,1,,0
2099,1,,0
2100,1,,0
2101,2,,0
2102,1,,0
2103,2,,0
2104,0,,0
2105,0,,0
2106,2,,0
2107,2,,0
2108,0,,0
2109,1,,0
2110,0,,0
2111,2,,0
2112,2,,0
2113,0,,0
2114,2,,0
2115,2,,0
2116,1,,0
2117,0,,0
2118,2,,0
2119,2,,0
2120,2,,0
2121,2,,0
2122,0,,0
2123,0,,0
2124,1,,0
2125,2,,0
2126,0,,0
2127,2,,0
2128,1,,0
2129,2,,0
2130,2,,0
2131,1,,0
2132,2,,0
2133,1,,0
2134,0,,0
2135,2,,0
2136,1,,0
2137,1,,0
2138,1,,0
2139,2,,0
2140,1,,0
2141,0,,0
2142,0,,0
2143,0,,0
2144,2,,0
2145,2,,0
2146,0,,0
2147,0,,0
2148,2,,0
2149,0,,0
2150,1,,0
2151,1,,0
2152,0,,0
2153,1,,0
2154,0,,0
2155,0,,0
2156,2,,0
2157,0,,0
2158,0,,0
2159,2,,0
2160,2,,0
2161,1,,0
2162,1,,0
2163,1,,0
2164,2,,0
2165,2,,0
2166,2,,0
2167,0,,0
2168,2,,0
2169,0,,0
2170,2,,0
2171,1,,0
2172,2,,0
2173,2,,0
2174,2,,0
2175,1,,0
2176,2,,0
2177,1,,0
2178,0,,0
2179,2,,0
2180,2,,0
2181,1,,0
2182,0,,0
2183,0,,0
2184,0,,0
2185,0,,0
2186,1,,0
2187,1,,0
2188,0,,0
2189,1,,0
2190,2,,0
2191,1,,0
2192,2,,0
2193,2,,0
2194,2,,0
2195,1,,0
2196,0,,0
2197,0,,0
2198,0,,0
2199,2,,0
2200,2,,0
2201,0,,0
2202,1,,0
2203,0,,0
2204,1,,0
2205,2,,0
2206,1,,0
2207,2,,0
2208,2,,0
2209,2,,0
2210,1,,0
2211,2,,0
2212,2,,0
2213,2,,0
2214,1,,0
2215,1,,0
2216,2,,0
2217,2,,0
2218,1,,0
2219,0,,0
2220,1,,0
2221,0,,0
2222,1,,0
2223,1,,0
2224,2,,0
2225,0,,0
2226,0,,0
2227,2,,0
2228,1,,0
2229,0,,0
2230,1,,0
2231,0,,0
2232,1,,0
2233,1,,0
2234,2,,0
2235,1,,0
2236,1,,0
2237,1,,0
2238,1,,0
2239,2,,0
2240,0,,0
2241,1,,0
2242,0,,0
2243,1,,0
2244,2,,0
2245,2,,0
2246,0,,0
2247,1,,0
2248,0,,0
2249,1,,0
2250,2,,0
2251,2,,0
2252,2,,0
2253,0,,0
2254,1,,0
2255,0,,0
2256,0,,0
2257,1,,0
2258,1,,0
2259,1,,0
2260,1,,0
2261,1,,0
2262,2,,0
2263,0,,0
2264,0,,0
2265,0,,0
2266,2,,0
2267,0,,0
2268,1,,0
2269,0,,0
2270,0,,0
2271,0,,0
2272,0,,0
2273,2,,0
2274,2,,0
2275,1,,0
2276,1,,0
2277,2,,0
2278,1,,0
2279,0,,0
2280,0,,0
2281,2,,0
2282,1,,0
2283,2,,0
2284,2,,0
2285,1,,0
2286,0,,0
2287,1,,0
2288,1,,0
2289,1,,0
2290,1,,0
2291,1,,0
2292,0,,0
2293,1,,0
2294,0,,0
2295,1,,0
2296,1,,0
2297,0,,0
2298,1,,0
2299,0,,0
2300,0,,0
2301,1,,0
2302,2,,0
2303,1,,0
2304,1,,0
2305,0,,0
2306,2,,0
2307,2,,0
2308,0,,0
2309,1,,0
2310,0,,0
2311,0,,0
2312,2,,0
2313,2,,0
2314,0,,0
2315,2,,0
2316,1,,0
2317,2,,0
2318,1,,0
2319,2,,0
2320,1,,0
2321,1,,0
2322,2,,0
2323,2,,0
2324,1,,0
2325,0,,0
2326,2,,0
2327,2,,0
2328,0,,0
2329,2,,0
2330,0,,0
2331,2,,0
2332,0,,0
2333,2,,0
2334,0,,0
2335,2,,0
2336,0,,0
2337,0,,0
2338,2,,0
2339,2,,0
2340,0,,0
2341,2,,0
2342,2,,0
2343,0,,0
2344,2,,0
2345,2,,0
2346,1,,0
2347,2,,0
2348,0,,0
2349,2,,0
2350,1,,0
2351,1,,0
2352,1,,0
2353,0,,0
2354,1,,0
2355,1,,0
2356,1,,0
2357,2,,0
2358,1,,0
2359,0,,0
2360,2,,0
2361,0,,0
2362,0,,0
2363,2,,0
2364,1,,0
2365,2,,0
2366,1,,0
2367,1,,0
2368,0,,0
2369,1,,0
2370,2,,0
2371,1,,0
2372,0,,0
2373,2,,0
2374,1,,0
2375,2,,0
2376,1,,0
2377,0,,0
2378,0,,0
2379,1,,0
2380,1,,0
2381,0,,0
2382,2,,0
2383,2,,0
2384,2,,0
2385,0,,0
2386,1,,0
2387,0,,0
2388,0,,0
2389,2,,0
2390,0,,0
2391,2,,0
2392,2,,0
2393,2,,0
2394,1,,0
2395,1,,0
2396,0,,0
2397,2,,0
2398,0,,0
2399,2,,0
2400,1,,0
2401,2,,0
2402,2,,0
2403,1,,0
2404,0,,0
2405,2,,0
2406,1,,0
2407,2,,0
2408,2,,0
2409,0,,0
2410,2,,0
2411,2,,0
2412,2,,0
2413,2,,0
2414,1,,0
2415,2,,0
2416,2,,0
2417,1,,0
2418,0,,0
2419,0,,0
2420,1,,0
2421,0,,0
2422,1,,0
2423,2,,0
2424,0,,0
2425,0,,0
2426,1,,0
2427,1,,0
2428,2,,0
2429,2,,0
2430,2,,0
2431,2,,0
2432,2,,0
2433,0,,0
2434,0,,0
2435,1,,0
2436,1,,0
2437,2,,0
2438,1,,0
2439,0,,0
2440,1,,0
2441,1,,0
2442,0,,0
2443,1,,0
2444,0,,0
2445,1,,0
2446,2,,0
2447,2,,0
2448,2,,0
2449,1,,0
2450,2,,0
2451,0,,0
2452,0,,0
2453,1,,0
2454,1,,0
2455,0,,0
2456,2,,0
2457,1,,0
2458,2,,0
2459,1,,0
2460,2,,0
2461,1,,0
2462,2,,0
2463,0,,0
2464,2,,0
2465,0,,0
2466,1,,0
2467,2,,0
2468,2,,0
2469,0,,0
2470,0,,0
2471,2,,0
2472,1,,0
2473,2,,0
2474,1,,0
2475,0,,0
2476,0,,0
2477,1,,0
2478,2,,0
2479,0,,0
2480,0,,0
2481,0,,0
2482,1,,0
2483,2,,0
2484,2,,0
2485,0,,0
2486,2,,0
2487,2,,0
2488,2,,0
2489,2,,0
2490,0,,0
2491,2,,0
2492,0,,0
2493,0,,0
2494,2,,0
2495,0,,0
2496,1,,0
2497,0,,0
2498,2,,0
2499,1,,0
2500,2,,0
2501,0,,0
2502,1,,0
2503,0,,0
2504,0,,0
2505,2,,0
2506,2,,0
2507,1,,0
2508,2,,0
2509,0,,0
2510,1,,0
2511,0,,0
2512,1,,0
2513,1,,0
2514,0,,0
2515,2,,0
2516,1,,0
2517,2,,0
2518,2,,0
2519,0,,0
2520,2,,0
2521,1,,0
2522,0,,0
2523,2,,0
2524,1,,0
2525,0,,0
2526,1,,0
2527,1,,0
2528,0,,0
2529,0,,0
2530,2,,0
2531,1,,0
2532,1,,0
2533,0,,0
2534,2,,0
2535,2,,0
2536,2,,0
2537,2,,0
2538,2,,0
2539,0,,0
2540,0,,0
2541,0,,0
2542,0,,0
2543,1,,0
2544,2,,0
2545,1,,0
2546,1,,0
2547,2,,0
2548,1,,0
2549,2,,0
2550,0,,0
2551,1,,0
2552,2,,0
2553,0,,0
2554,1,,0
2555,1,,0
2556,2,,0
2557,0,,0
2558,2,,0
2559,1,,0
2560,0,,0
2561,1,,0
2562,1,,0
2563,2,,0
2564,0,,0
2565,2,,0
2566,2,,0
2567,2,,0
2568,1,,0
2569,0,,0
2570,2,,0
2571,1,,0
2572,1,,0
2573,2,,0
2574,2,,0
2575,2,,0
2576,0,,0
2577,1,,0
2578,1,,0
2579,2,,0
2580,0,,0
2581,2,,0
2582,1,,0
2583,0,,0
2584,0,,0
2585,1,,0
2586,2,,0
2587,1,,0
2588,1,,0
2589,1,,0
2590,2,,0
2591,0,,0
2592,2,,0
2593,2,,0
2594,1,,0
2595,0,,0
2596,0,,0
2597,2,,0
2598,0,,0
2599,0,,0
2600,1,,0
2601,2,,0
2602,1,,0
2603,0,,0
2604,0,,0
2605,1,,0
2606,1,,0
2607,0,,0
2608,1,,0
2609,1,,0
2610,0,,0
2611,1,,0
2612,1,,0
2613,2,,0
2614,0,,0
2615,0,,0
2616,2,,0
2617,1,,0
2618,2,,0
2619,2,,0
2620,2,,0
2621,1,,0
2622,1,,0
2623,1,,0
2624,0,,0
2625,2,,0
2626,0,,0
2627,1,,0
2628,1,,0
2629,0,,0
2630,1,,0
2631,1,,0
2632,2,,0
2633,1,,0
2634,1,,0
2635,1,,0
2636,1,,0
2637,0,,0
2638,2,,0
2639,2,,0
2640,2,,0
2641,1,,0
2642,2,,0
2643,0,,0
2644,0,,0
2645,2,,0
2646,1,,0
2647,1,,0
2648,1,,0
2649,0,,0
2650,2,,0
2651,0,,0
2652,2,,0
2653,0,,0
2654,1,,0
2655,0,,0
2656,2,,0
2657,2,,0
2658,0,,0
2659,0,,0
2660,0,,0
2661,1,,0
2662,2,,0
2663,1,,0
2664,2,,0
2665,0,,0
2666,0,,0
2667,1,,0
2668,0,,0
2669,0,,0
2670,1,,0
2671,2,,0
2672,0,,0
2673,2,,0
2674,0,,0
2675,0,,0
2676,0,,0
2677,2,,0
2678,1,,0
2679,2,,0
2680,0,,0
2681,1,,0
2682,2,,0
2683,0,,0
2684,2,,0
2685,2,,0
2686,1,,0
2687,0,,0
2688,2,,0
2689,2,,0
2690,2,,0
2691,2,,0
2692,2,,0
2693,0,,0
2694,0,,0
2695,2,,0
2696,1,,0
2697,2,,0
2698,1,,0
2699,2,,0
2700,0,,0
2701,2,,0
2702,1,,0
2703,1,,0
2704,0,,0
2705,2,,0
2706,0,,0
2707,2,,0
2708,0,,0
2709,0,,0
2710,2,,0
2711,0,,0
2712,2,,0
2713,1,,0
2714,0,,0
2715,0,,0
2716,2,,0
2717,0,,0
2718,2,,0
2719,0,,0
2720,2,,0
2721,0,,0
2722,2,,0
2723,0,,0
2724,0,,0
2725,1,,0
2726,1,,0
2727,1,,0
2728,0,,0
2729,2,,0
2730,2,,0
2731,1,,0
2732,0,,0
2733,2,,0
2734,0,,0
2735,2,,0
2736,0,,0
2737,1,,0
2738,1,,0
2739,2,,0
2740,0,,0
2741,2,,0
2742,2,,0
2743,0,,0
2744,1,,0
2745,1,,0
2746,1,,0
2747,1,,0
2748,2,,0
2749,0,,0
2750,2,,0
2751,0,,0
2752,0,,0
2753,1,,0
2754,0,,0
2755,1,,0
2756,2,,0
2757,1,,0
2758,2,,0
2759,2,,0
2760,2,,0
2761,0,,0
2762,2,,0
2763,0,,0
2764,2,,0
2765,1,,0
2766,1,,0
2767,2,,0
2768,2,,0
2769,2,,0
2770,1,,0
2771,0,,0
2772,1,,0
2773,0,,0
2774,1,,0
2775,1,,0
2776,2,,0
2777,2,,0
2778,1,,0
2779,2,,0
2780,0,,0
2781,0,,0
2782,0,,0
2783,1,,0
2784,2,,0
2785,0,,0
2786,1,,0
2787,0,,0
2788,1,,0
2789,0,,0
2790,0,,0
2791,0,,0
2792,2,,0
2793,0,,0
2794,0,,0
2795,2,,0
2796,2,,0
2797,0,,0
2798,0,,0
2799,0,,0
2800,0,,0
2801,2,,0
2802,1,,0
2803,2,,0
2804,0,,0
2805,2,,0
2806,1,,0
2807,2,,0
2808,0,,0
2809,0,,0
2810,1,,0
2811,2,,0
2812,1,,0
2813,2,,0
2814,0,,0
2815,0,,0
2816,0,,0
2817,1,,0
2818,0,,0
2819,1,,0
2820,2,,0
2821,0,,0
2822,2,,0
2823,2,,0
2824,1,,0
2825,1,,0
2826,1,,0
2827,1,,0
2828,1,,0
2829,0,,0
2830,2,,0
2831,0,,0
2832,2,,0
2833,1,,0
2834,1,,0
2835,2,,0
2836,0,,0
2837,2,,0
2838,1,,0
2839,1,,0
2840,0,,0
2841,1,,0
2842,1,,0
2843,1,,0
2844,2,,0
2845,1,,0
2846,1,,0
2847,0,,0
2848,2,,0
2849,1,,0
2850,1,,0
2851,2,,0
2852,1,,0
2853,1,,0
2854,1,,0
2855,1,,0
2856,2,,0
2857,2,,0
2858,1,,0
2859,0,,0
2860,2,,0
2861,0,,0
2862,2,,0
2863,2,,0
2864,2,,0
2865,0,,0
2866,0,,0
2867,1,,0
2868,1,,0
2869,2,,0
2870,2,,0
2871,2,,0
2872,0,,0
2873,0,,0
2874,2,,0
2875,2,,0
2876,0,,0
2877,1,,0
2878,2,,0
2879,2,,0
2880,1,,0
2881,0,,0
2882,0,,0
2883,0,,0
2884,2,,0
2885,1,,0
2886,0,,0
2887,2,,0
2888,1,,0
2889,2,,0
2890,0,,0
2891,0,,0
2892,2,,0
2893,0,,0
2894,0,,0
2895,0,,0
2896,0,,0
2897,1,,0
2898,1,,0
2899,0,,0
2900,0,,0
2901,1,,0
2902,0,,0
2903,0,,0
2904,1,,0
2905,1,,0
2906,1,,0
2907,0,,0
2908,2,,0
2909,1,,0
2910,2,,0
2911,2,,0
2912,2,,0
2913,0,,0
2914,0,,0
2915,0,,0
2916,0,,0
2917,2,,0
2918,0,,0
2919,2,,0
2920,0,,0
2921,2,,0
2922,1,,0
2923,0,,0
2924,2,,0
2925,2,,0
2926,0,,0
2927,0,,0
2928,0,,0
2929,0,,0
2930,2,,0
2931,1,,0
2932,1,,0
2933,1,,0
2934,0,,0
2935,0,,0
2936,0,,0
2937,1,,0
2938,1,,0
2939,0,,0
2940,1,,0
2941,1,,0
2942,0,,0
2943,2,,0
2944,0,,0
2945,1,,0
2946,0,,0
2947,0,,0
2948,0,,0
2949,2,,0
2950,0,,0
2951,0,,0
2952,1,,0
2953,0,,0
2954,0,,0
2955,2,,0
2956,1,,0
2957,0,,0
2958,1,,0
2959,2,,0
2960,1,,0
2961,0,,0
2962,0,,0
2963,2,,0
2964,0,,0
2965,2,,0
2966,1,,0
2967,1,,0
2968,0,,0
2969,0,,0
2970,0,,0
2971,0,,0
2972,2,,0
2973,1,,0
2974,2,,0
2975,2,,0
2976,0,,0
2977,0,,0
2978,1,,0
2979,0,,0
2980,0,,0
2981,0,,0
2982,1,,0
2983,2,,0
2984,2,,0
2985,0,,0
2986,1,,0
2987,0,,0
2988,1,,0
2989,2,,0
2990,1,,0
2991,2,,0
2992,2,,0
2993,0,,0
2994,1,,0
2995,1,,0
2996,1,,0
2997,0,,0
2998,1,,0
2999,2,,0
3000,0,,0
3001,2,,0
3002,2,,0
3003,2,,0
3004,0,,0
3005,0,,0
3006,0,,0
3007,1,,0
3008,2,,0
3009,0,,0
3010,0,,0
3011,1,,0
3012,0,,0
3013,2,,0
3014,0,,0
3015,0,,0
3016,0,,0
3017,0,,0
3018,1,,0
3019,0,,0
3020,0,,0
3021,1,,0
3022,2,,0
3023,2,,0
3024,0,,0
3025,0,,0
3026,2,,0
3027,2,,0
3028,0,,0
3029,1,,0
3030,1,,0
3031,1,,0
3032,1,,0
3033,0,,0
3034,2,,0
3035,1,,0
3036,2,,0
3037,2,,0
3038,1,,0
3039,0,,0
3040,2,,0
3041,1,,0
3042,0,,0
3043,2,,0
3044,2,,0
3045,1,,0
3046,1,,0
3047,0,,0
3048,2,,0
3049,1,,0
3050,0,,0
3051,0,,0
3052,0,,0
3053,1,,0
3054,0,,0
3055,1,,0
3056,2,,0
3057,1,,0
3058,1,,0
3059,0,,0
3060,2,,0
3061,0,,0
3062,0,,0
3063,1,,0
3064,0,,0
3065,2,,0
3066,2,,0
3067,1,,0
3068,0,,0
3069,0,,0
3070,1,,0
3071,1,,0
3072,0,,0
3073,1,,0
3074,2,,0
3075,2,,0
3076,1,,0
3077,2,,0
3078,0,,0
3079,0,,0
3080,0,,0
3081,0,,0
3082,0,,0
3083,1,,0
3084,2,,0
3085,2,,0
3086,0,,0
3087,1,,0
3088,2,,0
3089,2,,0
3090,2,,0
3091,0,,0
3092,1,,0
3093,2,,0
3094,0,,0
3095,2,,0
3096,2,,0
3097,0,,0
3098,2,,0
3099,2,,0
3100,0,,0
3101,0,,0
3102,1,,0
3103,0,,0
3104,2,,0
3105,0,,0
3106,0,,0
3107,2,,0
3108,0,,0
3109,0,,0
3110,1,,0
3111,2,,0
3112,1,,0
3113,1,,0
3114,0,,0
3115,1,,0
3116,0,,0
3117,0,,0
3118,0,,0
3119,2,,0
3120,1,,0
3121,0,,0
3122,0,,0
3123,0,,0
3124,1,,0
3125,0,,0
3126,2,,0
3127,2,,0
3128,0,,0
3129,2,,0
3130,1,,0
3131,1,,0
3132,2,,0
3133,1,,0
3134,0,,0
3135,2,,0
3136,1,,0
3137,2,,0
3138,0,,0
3139,2,,0
3140,2,,0
3141,0,,0
3142,2,,0
3143,2,,0
3144,0,,0
3145,0,,0
3146,0,,0
3147,2,,0
3148,0,,0
3149,1,,0
3150,2,,0
3151,1,,0
3152,1,,0
3153,0,,0
3154,2,,0
3155,0,,0
3156,2,,0
3157,2,,0
3158,0,,0
3159,1,,0
3160,2,,0
3161,1,,0
3162,0,,0
3163,2,,0
3164,1,,0
3165,1,,0
3166,1,,0
3167,1,,0
3168,2,,0
3169,1,,0
3170,2,,0
3171,0,,0
3172,1,,0
3173,0,,0
3174,2,,0
3175,0,,0
3176,0,,0
3177,2,,0
3178,1,,0
3179,2,,0
3180,0,,0
3181,0,,0
3182,0,,0
3183,1,,0
3184,2,,0
3185,2,,0
3186,0,,0
3187,2,,0
3188,1,,0
3189,0,,0
3190,2,,0
3191,2,,0
3192,0,,0
3193,0,,0
3194,1,,0
3195,0,,0
3196,2,,0
3197,2,,0
3198,1,,0
3199,1,,0
3200,1,,0
3201,0,,0
3202,2,,0
3203,0,,0
3204,0,,0
3205,1,,0
3206,1,,0
3207,1,,0
3208,0,,0
3209,0,,0
3210,0,,0
3211,2,,0
3212,2,,0
3213,0,,0
3214,2,,0
3215,1,,0
3216,2,,0
3217,2,,0
3218,0,,0
3219,0,,0
3220,0,,0
3221,1,,0
3222,0,,0
3223,2,,0
3224,2,,0
3225,1,,0
3226,1,,0
3227,0,,0
3228,2,,0
3229,0,,0
3230,2,,0
3231,0,,0
3232,2,,0
3233,1,,0
3234,2,,0
3235,2,,0
3236,0,,0
3237,2,,0
3238,0,,0
3239,0,,0
3240,0,,0
3241,2,,0
3242,2,,0
3243,2,,0
3244,2,,0
3245,2,,0
3246,0,,0
3247,1,,0
3248,1,,0
3249,1,,0
3250,2,,0
3251,2,,0
3252,2,,0
3253,0,,0
3254,0,,0
3255,1,,0
3256,1,,0
3257,0,,0
3258,0,,0
3259,1,,0
3260,2,,0
3261,0,,0
3262,1,,0
3263,1,,0
3264,0,,0
3265,1,,0
3266,0,,0
3267,0,,0
3268,1,,0
3269,1,,0
3270,1,,0
3271,0,,0
3272,1,,0
3273,1,,0
3274,1,,0
3275,0,,0
3276,1,,0
3277,2,,0
3278,1,,0
3279,1,,0
3280,2,,0
3281,2,,0
3282,1,,0
3283,0,,0
3284,1,,0
3285,1,,0
3286,0,,0
3287,0,,0
3288,0,,0
3289,2,,0
3290,1,,0
3291,0,,0
3292,2,,0
3293,2,,0
3294,0,,0
3295,0,,0
3296,0,,0
3297,2,,0
3298,2,,0
3299,1,,0
3300,2,,0
3301,2,,0
3302,1,,0
3303,0,,0
3304,1,,0
3305,0,,0
3306,1,,0
3307,2,,0
3308,2,,0
3309,0,,0
3310,0,,0
3311,0,,0
3312,2,,0
3313,0,,0
3314,2,,0
3315,1,,0
3316,2,,0
3317,0,,0
3318,2,,0
3319,1,,0
3320,2,,0
3321,0,,0
3322,0,,0
3323,2,,0
3324,0,,0
3325,0,,0
3326,1,,0
3327,1,,0
3328,1,,0
3329,2,,0
3330,2,,0
3331,2,,0
3332,0,,0
3333,1,,0
3334,0,,0
3335,2,,0
3336,2,,0
3337,1,,0
3338,0,,0
3339,2,,0
3340,0,,0
3341,0,,0
3342,2,,0
3343,2,,0
3344,0,,0
3345,2,,0
3346,2,,0
3347,2,,0
3348,0,,0
3349,0,,0
3350,1,,0
3351,0,,0
3352,1,,0
3353,1,,0
3354,0,,0
3355,0,,0
3356,2,,0
3357,1,,0
3358,1,,0
3359,0,,0
3360,2,,0
3361,1,,0
3362,2,,0
3363,0,,0
3364,0,,0
3365,1,,0
3366,2,,0
3367,0,,0
3368,2,,0
3369,2,,0
3370,0,,0
3371,2,,0
3372,0,,0
3373,1,,0
3374,1,,0
3375,1,,0
3376,1,,0
3377,0,,0
3378,2,,0
3379,0,,0
3380,0,,0
3381,1,,0
3382,2,,0
3383,1,,0
3384,0,,0
3385,1,,0
3386,0,,0
3387,1,,0
3388,0,,0
3389,2,,0
3390,2,,0
3391,2,,0
3392,0,,0
3393,2,,0
3394,1,,0
3395,2,,0
3396,2,,0
3397,2,,0
3398,0,,0
3399,2,,0
3400,1,,0
3401,2,,0
3402,2,,0
3403,1,,0
3404,1,,0
3405,0,,0
3406,1,,0
3407,0,,0
3408,0,,0
3409,0,,0
3410,2,,0
3411,0,,0
3412,2,,0
3413,2,,0
3414,2,,0
3415,2,,0
3416,2,,0
3417,1,,0
3418,2,,0
3419,2,,0
3420,0,,0
3421,2,,0
3422,0,,0
3423,2,,0
3424,0,,0
3425,0,,0
3426,0,,0
3427,1,,0
3428,1,,0
3429,2,,0
3430,1,,0
3431,0,,0
3432,2,,0
3433,0,,0
3434,2,,0
3435,0,,0
3436,2,,0
3437,0,,0
3438,0,,0
3439,2,,0
3440,2,,0
3441,2,,0
3442,2,,0
3443,1,,0
3444,2,,0
3445,1,,0
3446,2,,0
3447,1,,0
3448,0,,0
3449,1,,0
3450,1,,0
3451,0,,0
3452,1,,0
3453,2,,0
3454,1,,0
3455,0,,0
3456,2,,0
3457,0,,0
3458,0,,0
3459,2,,0
3460,2,,0
3461,1,,0
3462,2,,0
3463,1,,0
3464,0,,0
3465,1,,0
3466,1,,0
3467,2,,0
3468,0,,0
3469,2,,0
3470,2,,0
3471,2,,0
3472,0,,0
3473,2,,0
3474,0,,0
3475,0,,0
3476,1,,0
3477,0,,0
3478,0,,0
3479,1,,0
3480,1,,0
3481,0,,0
3482,1,,0
3483,2,,0
3484,2,,0
3485,0,,0
3486,1,,0
3487,0,,0
3488,2,,0
3489,1,,0
3490,1,,0
3491,2,,0
3492,1,,0
3493,2,,0
3494,2,,0
3495,0,,0
3496,0,,0
3497,2,,0
3498,2,,0
3499,1,,0
3500,2,,0
3501,1,,0
3502,0,,0
3503,1,,0
3504,0,,0
3505,1,,0
3506,1,,0
3507,1,,0
3508,2,,0
3509,1,,0
3510,0,,0
3511,2,,0
3512,2,,0
3513,2,,0
3514,2,,0
3515,0,,0
3516,1,,0
3517,2,,0
3518,0,,0
3519,0,,0
3520,1,,0
3521,1,,0
3522,2,,0
3523,1,,0
3524,2,,0
3525,2,,0
3526,2,,0
3527,2,,0
3528,1,,0
3529,1,,0
3530,1,,0
3531,1,,0
3532,1,,0
3533,0,,0
3534,0,,0
3535,1,,0
3536,0,,0
3537,0,,0
3538,2,,0
3539,2,,0
3540,2,,0
3541,0,,0
3542,2,,0
3543,1,,0
3544,2,,0
3545,1,,0
3546,2,,0
3547,2,,0
3548,2,,0
3549,0,,0
3550,2,,0
3551,1,,0
3552,2,,0
3553,1,,0
3554,2,,0
3555,2,,0
3556,0,,0
3557,0,,0
3558,0,,0
3559,0,,0
3560,2,,0
3561,0,,0
3562,1,,0
3563,2,,0
3564,1,,0
3565,2,,0
3566,1,,0
3567,1,,0
3568,0,,0
3569,0,,0
3570,2,,0
3571,2,,0
3572,0,,0
3573,1,,0
3574,0,,0
3575,1,,0
3576,1,,0
3577,0,,0
3578,0,,0
3579,0,,0
3580,1,,0
3581,0,,0
3582,0,,0
3583,0,,0
3584,2,,0
3585,2,,0
3586,0,,0
3587,0,,0
3588,0,,0
3589,0,,0
3590,2,,0
3591,1,,0
3592,1,,0
3593,1,,0
3594,2,,0
3595,2,,0
3596,2,,0
3597,1,,0
3598,1,,0
3599,0,,0
3600,0,,0
3601,0,,0
3602,0,,0
3603,0,,0
3604,1,,0
3605,0,,0
3606,0,,0
3607,2,,0
3608,0,,0
3609,0,,0
3610,1,,0
3611,2,,0
3612,0,,0
3613,2,,0
3614,2,,0
3615,2,,0
3616,2,,0
3617,0,,0
3618,2,,0
3619,0,,0
3620,2,,0
3621,0,,0
3622,2,,0
3623,1,,0
3624,0,,0
3625,0,,0
3626,2,,0
3627,1,,0
3628,1,,0
3629,2,,0
3630,2,,0
3631,0,,0
3632,0,,0
3633,0,,0
3634,1,,0
3635,1,,0
3636,2,,0
3637,1,,0
3638,1,,0
3639,2,,0
3640,1,,0
3641,0,,0
3642,1,,0
3643,2,,0
3644,0,,0
3645,2,,0
3646,2,,0
3647,1,,0
3648,1,,0
3649,0,,0
3650,2,,0
3651,0,,0
3652,2,,0
3653,1,,0
3654,0,,0
3655,1,,0
3656,1,,0
3657,2,,0
3658,1,,0
3659,1,,0
3660,0,,0
3661,1,,0
3662,0,,0
3663,2,,0
3664,1,,0
3665,2,,0
3666,2,,0
3667,2,,0
3668,1,,0
3669,0,,0
3670,1,,0
3671,0,,0
3672,1,,0
3673,2,,0
3674,1,,0
3675,0,,0
3676,0,,0
3677,1,,0
3678,0,,0
3679,1,,0
3680,0,,0
3681,2,,0
3682,2,,0
3683,1,,0
3684,0,,0
3685,1,,0
3686,1,,0
3687,1,,0
3688,1,,0
3689,1,,0
3690,1,,0
3691,1,,0
3692,1,,0
3693,2,,0
3694,2,,0
3695,1,,0
3696,2,,0
3697,2,,0
3698,2,,0
3699,2,,0
3700,0,,0
3701,1,,0
3702,1,,0
3703,1,,0
3704,2,,0
3705,0,,0
3706,2,,0
3707,0,,0
3708,2,,0
3709,1,,0
3710,2,,0
3711,1,,0
3712,0,,0
3713,0,,0
3714,1,,0
3715,0,,0
3716,2,,0
3717,1,,0
3718,2,,0
3719,0,,0
3720,0,,0
3721,2,,0
3722,1,,0
3723,1,,0
3724,2,,0
3725,0,,0
3726,1,,0
3727,1,,0
3728,2,,0
3729,0,,0
3730,1,,0
3731,0,,0
3732,0,,0
3733,0,,0
3734,0,,0
3735,1,,0
3736,0,,0
3737,1,,0
3738,2,,0
3739,1,,0
3740,1,,0
3741,0,,0
3742,1,,0
3743,2,,0
3744,2,,0
3745,1,,0
3746,1,,0
3747,0,,0
3748,0,,0
3749,2,,0
3750,1,,0
3751,0,,0
3752,2,,0
3753,1,,0
3754,0,,0
3755,0,,0
3756,1,,0
3757,1,,0
3758,0,,0
3759,0,,0
3760,1,,0
3761,1,,0
3762,0,,0
3763,1,,0
3764,1,,0
3765,1,,0
3766,2,,0
3767,1,,0
3768,1,,0
3769,2,,0
3770,2,,0
3771,1,,0
3772,2,,0
3773,0,,0
3774,2,,0
3775,0,,0
3776,0,,0
3777,1,,0
3778,1,,0
3779,0,,0
3780,2,,0
3781,2,,0
3782,0,,0
3783,2,,0
3784,0,,0
3785,0,,0
3786,2,,0
3787,1,,0
3788,1,,0
3789,1,,0
3790,1,,0
3791,0,,0
3792,0,,0
3793,1,,0
3794,2,,0
3795,1,,0
3796,0,,0
3797,0,,0
3798,0,,0
3799,0,,0
3800,0,,0
3801,2,,0
3802,0,,0
3803,2,,0
3804,1,,0
3805,1,,0
3806,0,,0
3807,1,,0
3808,1,,0
3809,2,,0
3810,0,,0
3811,2,,0
3812,2,,0
3813,0,,0
3814,0,,0
3815,1,,0
3816,2,,0
3817,2,,0
3818,0,,0
3819,2,,0
3820,1,,0
3821,1,,0
3822,2,,0
3823,2,,0
3824,0,,0
3825,2,,0
3826,2,,0
3827,1,,0
3828,1,,0
3829,2,,0
3830,1,,0
3831,1,,0
3832,2,,0
3833,1,,0
3834,1,,0
3835,0,,0
3836,1,,0
3837,0,,0
3838,1,,0
3839,0,,0
3840,1,,0
3841,2,,0
3842,1,,0
3843,2,,0
3844,0,,0
3845,0,,0
3846,1,,0
3847,2,,0
3848,0,,0
3849,1,,0
3850,2,,0
3851,0,,0
3852,1,,0
3853,1,,0
3854,0,,0
3855,1,,0
3856,2,,0
3857,2,,0
3858,1,,0
3859,1,,0
3860,1,,0
3861,1,,0
3862,0,,0
3863,0,,0
3864,2,,0
3865,0,,0
3866,1,,0
3867,0,,0
3868,1,,0
3869,0,,0
3870,2,,0
3871,1,,0
3872,1,,0
3873,2,,0
3874,2,,0
3875,1,,0
3876,1,,0
3877,1,,0
3878,2,,0
3879,2,,0
3880,1,,0
3881,2,,0
3882,0,,0
3883,1,,0
3884,1,,0
3885,2,,0
3886,0,,0
3887,2,,0
3888,0,,0
3889,2,,0
3890,1,,0
3891,0,,0
3892,1,,0
3893,1,,0
3894,1,,0
3895,0,,0
3896,0,,0
3897,2,,0
3898,0,,0
3899,0,,0
3900,1,,0
3901,0,,0
3902,0,,0
3903,1,,0
3904,2,,0
3905,0,,0
3906,2,,0
3907,0,,0
3908,2,,0
3909,2,,0
3910,2,,0
3911,2,,0
3912,2,,0
3913,1,,0
3914,2,,0
3915,1,,0
3916,1,,0
3917,2,,0
3918,0,,0
3919,0,,0
3920,2,,0
3921,2,,0
3922,2,,0
3923,2,,0
3924,2,,0
3925,2,,0
3926,2,,0
3927,2,,0
3928,1,,0
3929,2,,0
3930,0,,0
3931,0,,0
3932,1,,0
3933,0,,0
3934,2,,0
3935,0,,0
3936,0,,0
3937,2,,0
3938,0,,0
3939,1,,0
3940,1,,0
3941,1,,0
3942,0,,0
3943,0,,0
3944,2,,0
3945,1,,0
3946,0,,0
3947,0,,0
3948,1,,0
3949,0,,0
3950,0,,0
3951,0,,0
3952,1,,0
3953,0,,0
3954,2,,0
3955,2,,0
3956,2,,0
3957,0,,0
3958,2,,0
3959,0,,0
3960,2,,0
3961,2,,0
3962,2,,0
3963,1,,0
3964,2,,0
3965,0,,0
3966,2,,0
3967,0,,0
3968,0,,0
3969,2,,0
3970,0,,0
3971,1,,0
3972,2,,0
3973,1,,0
3974,0,,0
3975,2,,0
3976,0,,0
3977,1,,0
3978,0,,0
3979,2,,0
3980,0,,0
3981,1,,0
3982,1,,0
3983,2,,0
3984,1,,0
3985,2,,0
3986,1,,0
3987,0,,0
3988,1,,0
3989,0,,0
3990,1,,0
3991,1,,0
3992,0,,0
3993,1,,0
3994,2,,0
3995,0,,0
3996,2,,0
3997,2,,0
3998,1,,0
3999,0,,0
4000,0,,0
4001,0,,0
4002,2,,0
4003,2,,0
4004,1,,0
4005,2,,0
4006,0,,0
4007,1,,0
4008,1,,0
4009,0,,0
4010,2,,0
4011,0,,0
4012,2,,0
4013,1,,0
4014,1,,0
4015,2,,0
4016,1,,0
4017,1,,0
4018,0,,0
4019,0,,0
4020,2,,0
4021,2,,0
4022,0,,0
4023,1,,0
4024,2,,0
4025,2,,0
4026,1,,0
4027,1,,0
4028,1,,0
4029,1,,0
4030,2,,0
4031,1,,0
4032,0,,0
4033,1,,0
4034,1,,0
4035,1,,0
4036,0,,0
4037,2,,0
4038,2,,0
4039,0,,0
4040,1,,0
4041,0,,0
4042,2,,0
4043,1,,0
4044,0,,0
4045,1,,0
4046,1,,0
4047,0,,0
4048,0,,0
4049,2,,0
4050,2,,0
4051,2,,0
4052,2,,0
4053,0,,0
4054,1,,0
4055,2,,0
4056,2,,0
4057,0,,0
4058,0,,0
4059,2,,0
4060,2,,0
4061,1,,0
4062,2,,0
4063,2,,0
4064,0,,0
4065,1,,0
4066,1,,0
4067,2,,0
4068,0,,0
4069,2,,0
4070,0,,0
4071,1,,0
4072,0,,0
4073,1,,0
4074,0,,0
4075,1,,0
4076,0,,0
4077,0,,0
4078,2,,0
4079,0,,0
4080,0,,0
4081,1,,0
4082,2,,0
4083,2,,0
4084,2,,0
4085,2,,0
4086,2,,0
4087,2,,0
4088,2,,0
4089,0,,0
4090,0,,0
4091,2,,0
4092,0,,0
4093,2,,0
4094,0,,0
4095,1,,0
4096,0,,0
4097,2,,0
4098,0,,0
4099,2,,0
4100,2,,0
4101,0,,0
4102,0,,0
4103,0,,0
4104,0,,0
4105,0,,0
4106,2,,0
4107,0,,0
4108,1,,0
4109,2,,0
4110,1,,0
4111,0,,0
4112,0,,0
4113,1,,0
4114,0,,0
4115,2,,0
4116,2,,0
4117,0,,0
4118,2,,0
4119,1,,0
4120,0,,0
4121,2,,0
4122,0,,0
4123,1,,0
4124,1,,0
4125,2,,0
4126,1,,0
4127,2,,0
4128,0,,0
4129,0,,0
4130,0,,0
4131,0,,0
4132,0,,0
4133,0,,0
4134,1,,0
4135,1,,0
4136,1,,0
4137,0,,0
4138,1,,0
4139,0,,0
4140,2,,0
4141,0,,0
4142,0,,0
4143,1,,0
4144,2,,0
4145,1,,0
4146,0,,0
4147,1,,0
4148,2,,0
4149,2,,0
4150,1,,0
4151,2,,0
4152,0,,0
4153,0,,0
4154,2,,0
4155,0,,0
4156,1,,0
4157,1,,0
4158,1,,0
4159,2,,0
4160,2,,0
4161,0,,0
4162,1,,0
4163,0,,0
4164,0,,0
4165,2,,0
4166,1,,0
4167,2,,0
4168,0,,0
4169,0,,0
4170,1,,0
4171,2,,0
4172,0,,0
4173,0,,0
4174,2,,0
4175,0,,0
4176,1,,0
4177,1,,0
4178,1,,0
4179,0,,0
4180,1,,0
4181,1,,0
4182,0,,0
4183,0,,0
4184,0,,0
4185,0,,0
4186,2,,0
4187,1,,0
4188,2,,0
4189,1,,0
4190,2,,0
4191,0,,0
4192,0,,0
4193,1,,0
4194,1,,0
4195,2,,0
4196,1,,0
4197,2,,0
4198,2,,0
4199,2,,0
4200,1,,0
4201,1,,0
4202,0,,0
4203,0,,0
4204,2,,0
4205,1,,0
4206,2,,0
4207,2,,0
4208,0,,0
4209,0,,0
4210,0,,0
4211,2,,0
4212,0,,0
4213,1,,0
4214,0,,0
4215,2,,0
4216,0,,0
4217,0,,0
4218,1,,0
4219,1,,0
4220,0,,0
4221,0,,0
4222,1,,0
4223,2,,0
4224,0,,0
4225,1,,0
4226,2,,0
4227,1,,0
4228,0,,0
4229,2,,0
4230,1,,0
4231,1,,0
4232,2,,0
4233,1,,0
4234,0,,0
4235,0,,0
4236,2,,0
4237,2,,0
4238,0,,0
4239,2,,0
4240,0,,0
4241,2,,0
4242,1,,0
4243,1,,0
4244,1,,0
4245,0,,0
4246,1,,0
4247,2,,0
4248,2,,0
4249,0,,0
4250,0,,0
4251,2,,0
4252,1,,0
4253,0,,0
4254,0,,0
4255,2,,0
4256,2,,0
4257,1,,0
4258,0,,0
4259,0,,0
4260,0,,0
4261,1,,0
4262,0,,0
4263,0,,0
4264,0,,0
4265,1,,0
4266,1,,0
4267,1,,0
4268,1,,0
4269,1,,0
4270,0,,0
4271,0,,0
4272,1,,0
4273,0,,0
4274,0,,0
4275,2,,0
4276,1,,0
4277,1,,0
4278,1,,0
4279,0,,0
4280,2,,0
4281,2,,0
4282,2,,0
4283,2,,0
4284,2,,0
4285,2,,0
4286,2,,0
4287,1,,0
4288,2,,0
4289,1,,0
4290,1,,0
4291,1,,0
4292,2,,0
4293,0,,0
4294,1,,0
4295,1,,0
4296,0,,0
4297,0,,0
4298,0,,0
4299,2,,0
4300,2,,0
4301,2,,0
4302,0,,0
4303,2,,0
4304,1,,0
4305,2,,0
4306,2,,0
4307,1,,0
4308,0,,0
4309,2,,0
4310,0,,0
4311,1,,0
4312,2,,0
4313,2,,0
4314,2,,0
4315,2,,0
4316,1,,0
4317,1,,0
4318,1,,0
4319,0,,0
4320,2,,0
4321,0,,0
4322,1,,0
4323,2,,0
4324,2,,0
4325,0,,0
4326,1,,0
4327,1,,0
4328,1,,0
4329,0,,0
4330,0,,0
4331,0,,0
4332,2,,0
4333,1,,0
4334,1,,0
4335,2,,0
4336,1,,0
4337,2,,0
4338,0,,0
4339,2,,0
4340,0,,0
4341,2,,0
4342,1,,0
4343,1,,0
4344,2,,0
4345,0,,0
4346,0,,0
4347,1,,0
4348,0,,0
4349,1,,0
4350,2,,0
4351,2,,0
4352,2,,0
4353,0,,0
4354,0,,0
4355,2,,0
4356,2,,0
4357,1,,0
4358,2,,0
4359,0,,0
4360,1,,0
4361,0,,0
4362,2,,0
4363,1,,0
4364,0,,0
4365,2,,0
4366,2,,0
4367,0,,0
4368,2,,0
4369,2,,0
4370,0,,0
4371,1,,0
4372,2,,0
4373,1,,0
4374,1,,0
4375,2,,0
4376,2,,0
4377,1,,0
4378,0,,0
4379,1,,0
4380,2,,0
4381,1,,0
4382,1,,0
4383,2,,0
4384,1,,0
4385,0,,0
4386,0,,0
4387,0,,0
4388,2,,0
4389,1,,0
4390,2,,0
4391,0,,0
4392,1,,0
4393,0,,0
4394,2,,0
4395,0,,0
4396,0,,0
4397,0,,0
4398,2,,0
4399,1,,0
4400,2,,0
4401,1,,0
4402,0,,0
4403,1,,0
4404,1,,0
4405,0,,0
4406,0,,0
4407,1,,0
4408,0,,0
4409,0,,0
4410,1,,0
4411,2,,0
4412,1,,0
4413,0,,0
4414,2,,0
4415,0,,0
4416,0,,0
4417,0,,0
4418,1,,0
4419,0,,0
4420,0,,0
4421,1,,0
4422,2,,0
4423,0,,0
4424,1,,0
4425,1,,0
4426,0,,0
4427,2,,0
4428,0,,0
4429,0,,0
4430,2,,0
4431,2,,0
4432,0,,0
4433,2,,0
4434,0,,0
4435,0,,0
4436,0,,0
4437,0,,0
4438,2,,0
4439,0,,0
4440,2,,0
4441,1,,0
4442,0,,0
4443,2,,0
4444,2,,0
4445,2,,0
4446,1,,0
4447,1,,0
4448,2,,0
4449,1,,0
4450,0,,0
4451,0,,0
4452,1,,0
4453,0,,0
4454,1,,0
4455,0,,0
4456,0,,0
4457,1,,0
4458,2,,0
4459,2,,0
4460,2,,0
4461,2,,0
4462,1,,0
4463,1,,0
4464,1,,0
4465,1,,0
4466,2,,0
4467,1,,0
4468,1,,0
4469,0,,0
4470,1,,0
4471,2,,0
4472,1,,0
4473,0,,0
4474,0,,0
4475,1,,0
4476,0,,0
4477,2,,0
4478,1,,0
4479,1,,0
4480,1,,0
4481,2,,0
4482,0,,0
4483,1,,0
4484,2,,0
4485,1,,0
4486,1,,0
4487,0,,0
4488,1,,0
4489,1,,0
4490,2,,0
4491,0,,0
4492,2,,0
4493,1,,0
4494,0,,0
4495,2,,0
4496,2,,0
4497,2,,0
4498,0,,0
4499,0,,0
4500,2,,0
4501,0,,0
4502,2,,0
4503,0,,0
4504,0,,0
4505,2,,0
4506,1,,0
4507,0,,0
4508,2,,0
4509,0,,0
4510,2,,0
4511,1,,0
4512,0,,0
4513,2,,0
4514,2,,0
4515,2,,0
4516,1,,0
4517,1,,0
4518,2,,0
4519,2,,0
4520,2,,0
4521,2,,0
4522,2,,0
4523,1,,0
4524,1,,0
4525,2,,0
4526,1,,0
4527,2,,0
4528,2,,0
4529,2,,0
4530,0,,0
4531,2,,0
4532,0,,0
4533,0,,0
4534,2,,0
4535,0,,0
4536,1,,0
4537,0,,0
4538,2,,0
4539,0,,0
4540,0,,0
4541,1,,0
4542,0,,0
4543,0,,0
4544,1,,0
4545,1,,0
4546,1,,0
4547,2,,0
4548,0,,0
4549,1,,0
4550,2,,0
4551,0,,0
4552,2,,0
4553,2,,0
4554,2,,0
4555,1,,0
4556,1,,0
4557,0,,0
4558,0,,0
4559,0,,0
4560,0,,0
4561,1,,0
4562,0,,0
4563,1,,0
4564,1,,0
4565,0,,0
4566,1,,0
4567,1,,0
4568,1,,0
4569,2,,0
4570,1,,0
4571,1,,0
4572,2,,0
4573,1,,0
4574,1,,0
4575,1,,0
4576,0,,0
4577,2,,0
4578,2,,0
4579,0,,0
4580,0,,0
4581,1,,0
4582,0,,0
4583,2,,0
4584,2,,0
4585,1,,0
4586,1,,0
4587,1,,0
4588,1,,0
4589,0,,0
4590,2,,0
4591,2,,0
4592,1,,0
4593,1,,0
4594,2,,0
4595,1,,0
4596,1,,0
4597,0,,0
4598,1,,0
4599,2,,0
4600,1,,0
4601,0,,0
4602,2,,0
4603,1,,0
4604,0,,0
4605,2,,0
4606,2,,0
4607,2,,0
4608,0,,0
4609,2,,0
4610,1,,0
4611,1,,0
4612,2,,0
4613,0,,0
4614,1,,0
4615,0,,0
4616,1,,0
4617,0,,0
4618,0,,0
4619,0,,0
4620,1,,0
4621,0,,0
4622,1,,0
4623,0,,0
4624,2,,0
4625,0,,0
4626,1,,0
4627,2,,0
4628,0,,0
4629,0,,0
4630,2,,0
4631,2,,0
4632,2,,0
4633,1,,0
4634,0,,0
4635,2,,0
4636,1,,0
4637,2,,0
4638,2,,0
4639,1,,0
4640,2,,0
4641,0,,0
4642,1,,0
4643,1,,0
4644,1,,0
4645,1,,0
4646,2,,0
4647,2,,0
4648,0,,0
4649,1,,0
4650,0,,0
4651,1,,0
4652,2,,0
4653,1,,0
4654,1,,0
4655,0,,0
4656,1,,0
4657,1,,0
4658,2,,0
4659,0,,0
4660,1,,0
4661,0,,0
4662,1,,0
4663,2,,0
4664,0,,0
4665,0,,0
4666,1,,0
4667,0,,0
4668,2,,0
4669,2,,0
4670,1,,0
4671,0,,0
4672,1,,0
4673,0,,0
4674,2,,0
4675,1,,0
4676,0,,0
4677,0,,0
4678,2,,0
4679,1,,0
4680,2,,0
4681,1,,0
4682,0,,0
4683,0,,0
4684,0,,0
4685,2,,0
4686,0,,0
4687,1,,0
4688,0,,0
4689,1,,0
4690,0,,0
4691,1,,0
4692,2,,0
4693,2,,0
4694,0,,0
4695,2,,0
4696,2,,0
4697,1,,0
4698,0,,0
4699,2,,0
4700,2,,0
4701,2,,0
4702,2,,0
4703,0,,0
4704,0,,0
4705,2,,0
4706,2,,0
4707,2,,0
4708,1,,0
4709,0,,0
4710,2,,0
4711,1,,0
4712,1,,0
4713,2,,0
4714,1,,0
4715,2,,0
4716,2,,0
4717,1,,0
4718,1,,0
4719,0,,0
4720,0,,0
4721,0,,0
4722,0,,0
4723,1,,0
4724,0,,0
4725,2,,0
4726,2,,0
4727,1,,0
4728,0,,0
4729,2,,0
4730,2,,0
4731,1,,0
4732,1,,0
4733,1,,0
4734,0,,0
4735,0,,0
4736,2,,0
4737,1,,0
4738,2,,0
4739,2,,0
4740,0,,0
4741,0,,0
4742,2,,0
4743,2,,0
4744,1,,0
4745,2,,0
4746,2,,0
4747,0,,0
4748,0,,0
4749,0,,0
4750,2,,0
4751,0,,0
4752,0,,0
4753,1,,0
4754,1,,0
4755,2,,0
4756,1,,0
4757,1,,0
4758,0,,0
4759,2,,0
4760,0,,0
4761,1,,0
4762,0,,0
4763,2,,0
4764,1,,0
4765,1,,0
4766,2,,0
4767,1,,0
4768,2,,0
4769,1,,0
4770,1,,0
4771,2,,0
4772,2,,0
4773,2,,0
4774,2,,0
4775,2,,0
4776,2,,0
4777,2,,0
4778,2,,0
4779,0,,0
4780,1,,0
4781,2,,0
4782,0,,0
4783,0,,0
4784,0,,0
4785,1,,0
4786,0,,0
4787,2,,0
4788,0,,0
4789,2,,0
4790,2,,0
4791,0,,0
4792,0,,0
4793,2,,0
4794,1,,0
4795,2,,0
4796,0,,0
4797,1,,0
4798,1,,0
4799,2,,0
4800,0,,0
4801,0,,0
4802,0,,0
4803,1,,0
4804,1,,0
4805,1,,0
4806,2,,0
4807,0,,0
4808,2,,0
4809,1,,0
4810,0,,0
4811,1,,0
4812,0,,0
4813,2,,0
4814,0,,0
4815,1,,0
4816,2,,0
4817,0,,0
4818,2,,0
4819,1,,0
4820,1,,0
4821,0,,0
4822,0,,0
4823,1,,0
4824,0,,0
4825,2,,0
4826,2,,0
4827,0,,0
4828,0,,0
4829,2,,0
4830,0,,0
4831,0,,0
4832,2,,0
4833,0,,0
4834,0,,0
4835,2,,0
4836,2,,0
4837,1,,0
4838,2,,0
4839,0,,0
4840,1,,0
4841,2,,0
4842,1,,0
4843,1,,0
4844,1,,0
4845,0,,0
4846,2,,0
4847,0,,0
4848,0,,0
4849,0,,0
4850,1,,0
4851,1,,0
4852,1,,0
4853,2,,0
4854,0,,0
4855,0,,0
4856,0,,0
4857,0,,0
4858,2,,0
4859,0,,0
4860,1,,0
4861,2,,0
4862,1,,0
4863,2,,0
4864,0,,0
4865,2,,0
4866,2,,0
4867,0,,0
4868,1,,0
4869,2,,0
4870,1,,0
4871,0,,0
4872,1,,0
4873,1,,0
4874,2,,0
4875,1,,0
4876,1,,0
4877,1,,0
4878,1,,0
4879,2,,0
4880,0,,0
4881,0,,0
4882,1,,0
4883,0,,0
4884,1,,0
4885,1,,0
4886,2,,0
4887,2,,0
4888,0,,0
4889,0,,0
4890,2,,0
4891,0,,0
4892,1,,0
4893,1,,0
4894,0,,0
4895,1,,0
4896,1,,0
4897,0,,0
4898,2,,0
4899,1,,0
4900,2,,0
4901,2,,0
4902,0,,0
4903,2,,0
4904,0,,0
4905,1,,0
4906,0,,0
4907,1,,0
4908,0,,0
4909,1,,0
4910,0,,0
4911,1,,0
4912,2,,0
4913,1,,0
4914,2,,0
4915,2,,0
4916,1,,0
4917,2,,0
4918,2,,0
4919,1,,0
4920,1,,0
4921,0,,0
4922,0,,0
4923,0,,0
4924,1,,0
4925,2,,0
4926,1,,0
4927,2,,0
4928,0,,0
4929,2,,0
4930,1,,0
4931,1,,0
4932,0,,0
4933,2,,0
4934,2,,0
4935,1,,0
4936,0,,0
4937,1,,0
4938,2,,0
4939,2,,0
4940,1,,0
4941,1,,0
4942,2,,0
4943,2,,0
4944,1,,0
4945,1,,0
4946,1,,0
4947,0,,0
4948,0,,0
4949,0,,0
4950,0,,0
4951,0,,0
4952,1,,0
4953,2,,0
4954,1,,0
4955,0,,0
4956,0,,0
4957,1,,0
4958,1,,0
4959,0,,0
4960,0,,0
4961,1,,0
4962,1,,0
4963,0,,0
4964,0,,0
4965,2,,0
4966,2,,0
4967,0,,0
4968,1,,0
4969,0,,0
4970,1,,0
4971,0,,0
4972,1,,0
4973,0,,0
4974,2,,0
4975,2,,0
4976,2,,0
4977,1,,0
4978,0,,0
4979,0,,0
4980,0,,0
4981,0,,0
4982,1,,0
4983,2,,0
4984,1,,0
4985,0,,0
4986,0,,0
4987,2,,0
4988,0,,0
4989,1,,0
4990,2,,0
4991,2,,0
4992,0,,0
4993,2,,0
4994,1,,0
4995,2,,0
4996,0,,0
4997,1,,0
4998,1,,0
4999,1,,0
5000,1,,0
5001,2,,0
5002,1,,0
5003,1,,0
5004,1,,0
5005,2,,0
5006,0,,0
5007,1,,0
5008,0,,0
5009,0,,0
5010,2,,0
5011,1,,0
5012,2,,0
5013,2,,0
5014,2,,0
5015,1,,0
5016,0,,0
5017,0,,0
5018,1,,0
5019,1,,0
5020,1,,0
5021,1,,0
5022,2,,0
5023,0,,0
5024,0,,0
5025,1,,0
5026,1,,0
5027,2,,0
5028,0,,0
5029,1,,0
5030,1,,0
5031,0,,0
5032,1,,0
5033,1,,0
5034,0,,0
5035,2,,0
5036,1,,0
5037,1,,0
5038,1,,0
5039,0,,0
5040,2,,0
5041,2,,0
5042,1,,0
5043,0,,0
5044,1,,0
5045,2,,0
5046,0,,0
5047,1,,0
5048,2,,0
5049,1,,0
5050,0,,0
5051,0,,0
5052,2,,0
5053,1,,0
5054,0,,0
5055,0,,0
5056,1,,0
5057,1,,0
5058,0,,0
5059,0,,0
5060,0,,0
5061,1,,0
5062,0,,0
5063,2,,0
5064,2,,0
5065,0,,0
5066,2,,0
5067,0,,0
5068,0,,0
5069,2,,0
5070,0,,0
5071,2,,0
5072,1,,0
5073,0,,0
5074,0,,0
5075,2,,0
5076,0,,0
5077,2,,0
5078,1,,0
5079,0,,0
5080,0,,0
5081,2,,0
5082,2,,0
5083,2,,0
5084,2,,0
5085,1,,0
5086,0,,0
5087,2,,0
5088,0,,0
5089,2,,0
5090,2,,0
5091,1,,0
5092,1,,0
5093,2,,0
5094,1,,0
5095,1,,0
5096,1,,0
5097,2,,0
5098,2,,0
5099,1,,0
5100,1,,0
5101,2,,0
5102,0,,0
5103,2,,0
5104,1,,0
5105,2,,0
5106,1,,0
5107,2,,0
5108,2,,0
5109,1,,0
5110,0,,0
5111,1,,0
5112,1,,0
5113,1,,0
5114,2,,0
5115,0,,0
5116,2,,0
5117,1,,0
5118,2,,0
5119,2,,0
5120,1,,0
5121,0,,0
5122,0,,0
5123,2,,0
5124,0,,0
5125,1,,0
5126,2,,0
5127,1,,0
5128,1,,0
5129,2,,0
5130,1,,0
5131,1,,0
5132,1,,0
5133,2,,0
5134,1,,0
5135,2,,0
5136,1,,0
5137,2,,0
5138,0,,0
5139,1,,0
5140,1,,0
5141,2,,0
5142,1,,0
5143,2,,0
5144,1,,0
5145,2,,0
5146,2,,0
5147,1,,0
5148,1,,0
5149,0,,0
5150,2,,0
5151,0,,0
5152,0,,0
5153,2,,0
5154,2,,0
5155,1,,0
5156,2,,0
5157,0,,0
5158,2,,0
5159,2,,0
5160,1,,0
5161,1,,0
5162,1,,0
5163,2,,0
5164,2,,0
5165,0,,0
5166,2,,0
5167,0,,0
5168,2,,0
5169,0,,0
5170,1,,0
5171,1,,0
5172,2,,0
5173,2,,0
5174,1,,0
5175,0,,0
5176,1,,0
5177,1,,0
5178,1,,0
5179,2,,0
5180,2,,0
5181,2,,0
5182,1,,0
5183,2,,0
5184,0,,0
5185,1,,0
5186,0,,0
5187,1,,0
5188,0,,0
5189,1,,0
5190,0,,0
5191,1,,0
5192,2,,0
5193,2,,0
5194,0,,0
5195,2,,0
5196,1,,0
5197,1,,0
5198,1,,0
5199,0,,0
5200,2,,0
5201,0,,0
5202,2,,0
5203,2,,0
5204,1,,0
5205,1,,0
5206,2,,0
5207,0,,0
5208,1,,0
5209,1,,0
5210,0,,0
5211,1,,0
5212,0,,0
5213,0,,0
5214,0,,0
5215,0,,0
5216,0,,0
5217,2,,0
5218,0,,0
5219,1,,0
5220,2,,0
5221,0,,0
5222,2,,0
5223,2,,0
5224,1,,0
5225,0,,0
5226,1,,0
5227,2,,0
5228,0,,0
5229,2,,0
5230,0,,0
5231,1,,0
5232,0,,0
5233,0,,0
5234,1,,0
5235,1,,0
5236,2,,0
5237,1,,0
5238,1,,0
5239,0,,0
5240,0,,0
5241,1,,0
5242,1,,0
5243,2,,0
5244,1,,0
5245,0,,0
5246,1,,0
5247,0,,0
5248,2,,0
5249,2,,0
5250,1,,0
5251,2,,0
5252,0,,0
5253,1,,0
5254,2,,0
5255,1,,0
5256,2,,0
5257,1,,0
5258,1,,0
5259,0,,0
5260,1,,0
5261,2,,0
5262,1,,0
5263,2,,0
5264,2,,0
5265,0,,0
5266,0,,0
5267,2,,0
5268,0,,0
5269,2,,0
5270,2,,0
5271,1,,0
5272,2,,0
5273,1,,0
5274,0,,0
5275,0,,0
5276,1,,0
5277,2,,0
5278,2,,0
5279,1,,0
5280,0,,0
5281,1,,0
5282,1,,0
5283,0,,0
5284,0,,0
5285,2,,0
5286,1,,0
5287,0,,0
5288,0,,0
5289,1,,0
5290,0,,0
5291,0,,0
5292,2,,0
5293,2,,0
5294,0,,0
5295,2,,0
5296,0,,0
5297,2,,0
5298,2,,0
5299,1,,0
5300,1,,0
5301,2,,0
5302,0,,0
5303,0,,0
5304,0,,0
5305,2,,0
5306,1,,0
5307,2,,0
5308,2,,0
5309,1,,0
5310,2,,0
5311,2,,0
5312,2,,0
5313,2,,0
5314,2,,0
5315,0,,0
5316,1,,0
5317,1,,0
5318,0,,0
5319,0,,0
5320,1,,0
5321,0,,0
5322,0,,0
5323,0,,0
5324,2,,0
5325,1,,0
5326,1,,0
5327,0,,0
5328,0,,0
5329,0,,0
5330,0,,0
5331,2,,0
5332,2,,0
5333,1,,0
5334,1,,0
5335,1,,0
5336,2,,0
5337,1,,0
5338,1,,0
5339,0,,0
5340,1,,0
5341,2,,0
5342,0,,0
5343,0,,0
5344,0,,0
5345,2,,0
5346,1,,0
5347,1,,0
5348,0,,0
5349,0,,0
5350,1,,0
5351,1,,0
5352,1,,0
5353,1,,0
5354,1,,0
5355,2,,0
5356,1,,0
5357,1,,0
5358,0,,0
5359,0,,0
5360,1,,0
5361,0,,0
5362,1,,0
5363,0,,0
5364,1,,0
5365,1,,0
5366,0,,0
5367,2,,0
5368,1,,0
5369,0,,0
5370,1,,0
5371,2,,0
5372,1,,0
5373,0,,0
5374,0,,0
5375,1,,0
5376,2,,0
5377,1,,0
5378,0,,0
5379,1,,0
5380,2,,0
5381,0,,0
5382,0,,0
5383,0,,0
5384,1,,0
5385,0,,0
5386,2,,0
5387,2,,0
5388,1,,0
5389,2,,0
5390,1,,0
5391,0,,0
5392,0,,0
5393,2,,0
5394,1,,0
5395,1,,0
5396,2,,0
5397,0,,0
5398,1,,0
5399,0,,0
5400,2,,0
5401,0,,0
5402,2,,0
5403,1,,0
5404,2,,0
5405,1,,0
5406,0,,0
5407,0,,0
5408,2,,0
5409,2,,0
5410,0,,0
5411,1,,0
5412,0,,0
5413,2,,0
5414,1,,0
5415,0,,0
5416,1,,0
5417,2,,0
5418,1,,0
5419,1,,0
5420,1,,0
5421,0,,0
5422,0,,0
5423,0,,0
5424,1,,0
5425,1,,0
5426,2,,0
5427,1,,0
5428,2,,0
5429,1,,0
5430,2,,0
5431,1,,0
5432,2,,0
5433,2,,0
5434,2,,0
5435,0,,0
5436,2,,0
5437,1,,0
5438,2,,0
5439,0,,0
5440,1,,0
5441,1,,0
5442,0,,0
5443,0,,0
5444,1,,0
5445,1,,0
5446,2,,0
5447,0,,0
5448,0,,0
5449,0,,0
5450,0,,0
5451,2,,0
5452,0,,0
5453,1,,0
5454,0,,0
5455,2,,0
5456,2,,0
5457,1,,0
5458,1,,0
5459,0,,0
5460,1,,0
5461,0,,0
5462,1,,0
5463,2,,0
5464,2,,0
5465,1,,0
5466,1,,0
5467,1,,0
5468,1,,0
5469,0,,0
5470,1,,0
5471,0,,0
5472,1,,0
5473,1,,0
5474,1,,0
5475,1,,0
5476,2,,0
5477,2,,0
5478,1,,0
5479,2,,0
5480,1,,0
5481,0,,0
5482,2,,0
5483,0,,0
5484,0,,0
5485,2,,0
5486,2,,0
5487,2,,0
5488,1,,0
5489,0,,0
5490,0,,0
5491,1,,0
5492,2,,0
5493,2,,0
5494,1,,0
5495,0,,0
5496,2,,0
5497,1,,0
5498,2,,0
5499,0,,0
5500,2,,0
5501,1,,0
5502,1,,0
5503,0,,0
5504,1,,0
5505,0,,0
5506,2,,0
5507,1,,0
5508,1,,0
5509,1,,0
5510,2,,0
5511,2,,0
5512,2,,0
5513,1,,0
5514,0,,0
5515,0,,0
5516,1,,0
5517,1,,0
5518,1,,0
5519,1,,0
5520,0,,0
5521,2,,0
5522,0,,0
5523,2,,0
5524,2,,0
5525,1,,0
5526,2,,0
5527,0,,0
5528,1,,0
5529,2,,0
5530,2,,0
5531,0,,0
5532,2,,0
5533,2,,0
5534,1,,0
5535,1,,0
5536,2,,0
5537,2,,0
5538,2,,0
5539,0,,0
5540,0,,0
5541,1,,0
5542,2,,0
5543,2,,0
5544,2,,0
5545,2,,0
5546,1,,0
5547,1,,0
5548,1,,0
5549,2,,0
5550,0,,0
5551,1,,0
5552,0,,0
5553,0,,0
5554,2,,0
5555,0,,0
5556,0,,0
5557,1,,0
5558,1,,0
5559,1,,0
5560,2,,0
5561,0,,0
5562,2,,0
5563,0,,0
5564,1,,0
5565,2,,0
5566,2,,0
5567,0,,0
5568,1,,0
5569,1,,0
5570,2,,0
5571,0,,0
5572,2,,0
5573,0,,0
5574,1,,0
5575,0,,0
5576,1,,0
5577,1,,0
5578,0,,0
5579,0,,0
5580,1,,0
5581,1,,0
5582,1,,0
5583,0,,0
5584,1,,0
5585,1,,0
5586,1,,0
5587,0,,0
5588,1,,0
5589,0,,0
5590,2,,0
5591,2,,0
5592,2,,0
5593,0,,0
5594,2,,0
5595,0,,0
5596,2,,0
5597,0,,0
5598,0,,0
5599,0,,0
5600,2,,0
5601,0,,0
5602,0,,0
5603,2,,0
5604,1,,0
5605,1,,0
5606,0,,0
5607,1,,0
5608,1,,0
5609,1,,0
5610,0,,0
5611,2,,0
5612,1,,0
5613,2,,0
5614,0,,0
5615,2,,0
5616,1,,0
5617,1,,0
5618,0,,0
5619,2,,0
5620,2,,0
5621,2,,0
5622,0,,0
5623,2,,0
5624,2,,0
5625,2,,0
5626,0,,0
5627,0,,0
5628,2,,0
5629,1,,0
5630,0,,0
5631,0,,0
5632,0,,0
5633,0,,0
5634,1,,0
5635,2,,0
5636,1,,0
5637,0,,0
5638,1,,0
5639,1,,0
5640,2,,0
5641,1,,0
5642,2,,0
5643,1,,0
5644,0,,0
5645,0,,0
5646,2,,0
5647,2,,0
5648,1,,0
5649,1,,0
5650,1,,0
5651,0,,0
5652,1,,0
5653,2,,0
5654,0,,0
5655,0,,0
5656,1,,0
5657,0,,0
5658,2,,0
5659,0,,0
5660,0,,0
5661,0,,0
5662,1,,0
5663,0,,0
5664,2,,0
5665,0,,0
5666,2,,0
5667,1,,0
5668,1,,0
5669,1,,0
5670,0,,0
5671,0,,0
5672,1,,0
5673,1,,0
5674,0,,0
5675,1,,0
5676,0,,0
5677,2,,0
5678,2,,0
5679,2,,0
5680,1,,0
5681,1,,0
5682,0,,0
5683,1,,0
5684,0,,0
5685,1,,0
5686,1,,0
5687,1,,0
5688,1,,0
5689,1,,0
5690,0,,0
5691,2,,0
5692,1,,0
5693,1,,0
5694,0,,0
5695,2,,0
5696,0,,0
5697,1,,0
5698,1,,0
5699,2,,0
5700,2,,0
5701,0,,0
5702,1,,0
5703,1,,0
5704,2,,0
5705,0,,0
5706,2,,0
5707,2,,0
5708,0,,0
5709,0,,0
5710,2,,0
5711,1,,0
5712,0,,0
5713,0,,0
5714,2,,0
5715,1,,0
5716,2,,0
5717,2,,0
5718,0,,0
5719,1,,0
5720,0,,0
5721,1,,0
5722,2,,0
5723,0,,0
5724,0,,0
5725,2,,0
5726,1,,0
5727,2,,0
5728,0,,0
5729,2,,0
5730,0,,0
5731,1,,0
5732,1,,0
5733,1,,0
5734,2,,0
5735,1,,0
5736,0,,0
5737,1,,0
5738,1,,0
5739,2,,0
5740,0,,0
5741,0,,0
5742,1,,0
5743,1,,0
5744,0,,0
5745,1,,0
5746,0,,0
5747,2,,0
5748,0,,0
5749,1,,0
5750,1,,0
5751,2,,0
5752,2,,0
5753,1,,0
5754,0,,0
5755,1,,0
5756,2,,0
5757,2,,0
5758,1,,0
5759,1,,0
5760,1,,0
5761,0,,0
5762,1,,0
5763,2,,0
5764,2,,0
5765,1,,0
5766,0,,0
5767,2,,0
5768,0,,0
5769,2,,0
5770,0,,0
5771,1,,0
5772,2,,0
5773,1,,0
5774,0,,0
5775,1,,0
5776,2,,0
5777,1,,0
5778,0,,0
5779,2,,0
5780,1,,0
5781,2,,0
5782,1,,0
5783,0,,0
5784,0,,0
5785,2,,0
5786,0,,0
5787,1,,0
5788,1,,0
5789,1,,0
5790,0,,0
5791,1,,0
5792,0,,0
5793,0,,0
5794,1,,0
5795,2,,0
5796,2,,0
5797,0,,0
5798,2,,0
5799,1,,0
5800,2,,0
5801,0,,0
5802,0,,0
5803,2,,0
5804,2,,0
5805,1,,0
5806,1,,0
5807,1,,0
5808,0,,0
5809,0,,0
5810,1,,0
5811,0,,0
5812,0,,0
5813,0,,0
5814,1,,0
5815,0,,0
5816,1,,0
5817,2,,0
5818,2,,0
5819,1,,0
5820,0,,0
5821,1,,0
5822,2,,0
5823,1,,0
5824,1,,0
5825,2,,0
5826,1,,0
5827,0,,0
5828,0,,0
5829,1,,0
5830,2,,0
5831,2,,0
5832,0,,0
5833,0,,0
5834,1,,0
5835,0,,0
5836,1,,0
5837,1,,0
5838,1,,0
5839,2,,0
5840,0,,0
5841,2,,0
5842,0,,0
5843,0,,0
5844,1,,0
5845,1,,0
5846,2,,0
5847,0,,0
5848,0,,0
5849,2,,0
5850,1,,0
5851,0,,0
5852,1,,0
5853,2,,0
5854,2,,0
5855,1,,0
5856,2,,0
5857,2,,0
5858,2,,0
5859,2,,0
5860,0,,0
5861,1,,0
5862,1,,0
5863,0,,0
5864,0,,0
5865,0,,0
5866,2,,0
5867,2,,0
5868,0,,0
5869,2,,0
5870,2,,0
5871,0,,0
5872,0,,0
5873,2,,0
5874,2,,0
5875,2,,0
5876,1,,0
5877,0,,0
5878,2,,0
5879,0,,0
5880,2,,0
5881,1,,0
5882,0,,0
5883,0,,0
5884,1,,0
5885,2,,0
5886,0,,0
5887,2,,0
5888,2,,0
5889,1,,0
5890,1,,0
5891,0,,0
5892,2,,0
5893,1,,0
5894,2,,0
5895,0,,0
5896,2,,0
5897,1,,0
5898,1,,0
5899,2,,0
5900,2,,0
5901,1,,0
5902,2,,0
5903,2,,0
5904,1,,0
5905,2,,0
5906,0,,0
5907,1,,0
5908,1,,0
5909,1,,0
5910,0,,0
5911,2,,0
5912,1,,0
5913,0,,0
5914,1,,0
5915,1,,0
5916,1,,0
5917,2,,0
5918,0,,0
5919,0,,0
5920,1,,0
5921,1,,0
5922,2,,0
5923,0,,0
5924,0,,0
5925,2,,0
5926,1,,0
5927,1,,0
5928,2,,0
5929,1,,0
5930,1,,0
5931,1,,0
5932,2,,0
5933,2,,0
5934,0,,0
5935,2,,0
5936,1,,0
5937,1,,0
5938,2,,0
5939,2,,0
5940,2,,0
5941,2,,0
5942,1,,0
5943,0,,0
5944,0,,0
5945,1,,0
5946,1,,0
5947,1,,0
5948,1,,0
5949,2,,0
5950,1,,0
5951,1,,0
5952,0,,0
5953,1,,0
5954,0,,0
5955,1,,0
5956,1,,0
5957,0,,0
5958,2,,0
5959,1,,0
5960,2,,0
5961,2,,0
5962,0,,0
5963,1,,0
5964,2,,0
5965,1,,0
5966,1,,0
5967,0,,0
5968,1,,0
5969,2,,0
5970,1,,0
5971,2,,0
5972,2,,0
5973,1,,0
5974,2,,0
5975,0,,0
5976,2,,0
5977,0,,0
5978,2,,0
5979,2,,0
5980,2,,0
5981,1,,0
5982,0,,0
5983,2,,0
5984,2,,0
5985,0,,0
5986,0,,0
5987,2,,0
5988,1,,0
5989,1,,0
5990,1,,0
5991,1,,0
5992,0,,0
5993,1,,0
5994,1,,0
5995,1,,0
5996,2,,0
5997,1,,0
5998,0,,0
5999,0,,0
6000,2,,0
6001,1,,0
6002,0,,0
6003,2,,0
6004,1,,0
6005,2,,0
6006,1,,0
6007,1,,0
6008,0,,0
6009,0,,0
6010,0,,0
6011,1,,0
6012,0,,0
6013,0,,0
6014,1,,0
6015,2,,0
6016,1,,0
6017,1,,0
6018,2,,0
6019,0,,0
6020,2,,0
6021,2,,0
6022,2,,0
6023,2,,0
6024,2,,0
6025,0,,0
6026,0,,0
6027,2,,0
6028,2,,0
6029,1,,0
6030,0,,0
6031,0,,0
6032,0,,0
6033,1,,0
6034,1,,0
6035,2,,0
6036,1,,0
6037,0,,0
6038,2,,0
6039,2,,0
6040,0,,0
6041,1,,0
6042,2,,0
6043,2,,0
6044,2,,0
6045,0,,0
6046,2,,0
6047,2,,0
6048,1,,0
6049,1,,0
6050,0,,0
6051,2,,0
6052,2,,0
6053,1,,0
6054,1,,0
6055,2,,0
6056,2,,0
6057,2,,0
6058,2,,0
6059,2,,0
6060,2,,0
6061,0,,0
6062,0,,0
6063,0,,0
6064,1,,0
6065,1,,0
6066,1,,0
6067,2,,0
6068,1,,0
6069,0,,0
6070,0,,0
6071,2,,0
6072,1,,0
6073,0,,0
6074,0,,0
6075,0,,0
6076,2,,0
6077,0,,0
6078,0,,0
6079,1,,0
6080,0,,0
6081,1,,0
6082,0,,0
6083,0,,0
6084,0,,0
6085,0,,0
6086,0,,0
6087,2,,0
6088,1,,0
6089,2,,0
6090,0,,0
6091,2,,0
6092,2,,0
6093,1,,0
6094,1,,0
6095,1,,0
6096,0,,0
6097,2,,0
6098,0,,0
6099,0,,0
6100,2,,0
6101,0,,0
6102,1,,0
6103,2,,0
6104,0,,0
6105,1,,0
6106,1,,0
6107,1,,0
6108,2,,0
6109,0,,0
6110,1,,0
6111,0,,0
6112,2,,0
6113,1,,0
6114,2,,0
6115,2,,0
6116,0,,0
6117,1,,0
6118,2,,0
6119,0,,0
6120,0,,0
6121,2,,0
6122,2,,0
6123,1,,0
6124,2,,0
6125,1,,0
6126,1,,0
6127,2,,0
6128,2,,0
6129,1,,0
6130,1,,0
6131,2,,0
6132,0,,0
6133,2,,0
6134,2,,0
6135,2,,0
6136,2,,0
6137,1,,0
6138,2,,0
6139,2,,0
6140,1,,0
6141,2,,0
6142,1,,0
6143,1,,0
6144,1,,0
6145,1,,0
6146,2,,0
6147,2,,0
6148,1,,0
6149,1,,0
6150,2,,0
6151,2,,0
6152,1,,0
6153,1,,0
6154,1,,0
6155,1,,0
6156,1,,0
6157,0,,0
6158,0,,0
6159,2,,0
6160,1,,0
6161,0,,0
6162,0,,0
6163,2,,0
6164,2,,0
6165,2,,0
6166,0,,0
6167,1,,0
6168,2,,0
6169,2,,0
6170,2,,0
6171,2,,0
6172,0,,0
6173,1,,0
6174,0,,0
6175,2,,0
6176,0,,0
6177,2,,0
6178,0,,0
6179,2,,0
6180,0,,0
6181,0,,0
6182,1,,0
6183,2,,0
6184,2,,0
6185,2,,0
6186,1,,0
6187,2,,0
6188,2,,0
6189,1,,0
6190,1,,0
6191,0,,0
6192,1,,0
6193,1,,0
6194,1,,0
6195,2,,0
6196,0,,0
6197,0,,0
6198,2,,0
6199,2,,0
6200,1,,0
6201,1,,0
6202,2,,0
6203,2,,0
6204,0,,0
6205,2,,0
6206,1,,0
6207,2,,0
6208,0,,0
6209,0,,0
6210,2,,0
6211,0,,0
6212,1,,0
6213,1,,0
6214,0,,0
6215,0,,0
6216,0,,0
6217,2,,0
6218,1,,0
6219,1,,0
6220,2,,0
6221,2,,0
6222,1,,0
6223,2,,0
6224,2,,0
6225,2,,0
6226,0,,0
6227,2,,0
6228,0,,0
6229,1,,0
6230,1,,0
6231,2,,0
6232,0,,0
6233,1,,0
6234,2,,0
6235,1,,0
6236,2,,0
6237,2,,0
6238,0,,0
6239,0,,0
6240,1,,0
6241,0,,0
6242,1,,0
6243,2,,0
6244,0,,0
6245,2,,0
6246,2,,0
6247,1,,0
6248,2,,0
6249,1,,0
6250,0,,0
6251,2,,0
6252,1,,0
6253,1,,0
6254,0,,0
6255,2,,0
6256,0,,0
6257,0,,0
6258,1,,0
6259,1,,0
6260,2,,0
6261,1,,0
6262,2,,0
6263,2,,0
6264,0,,0
6265,2,,0
6266,2,,0
6267,1,,0
6268,0,,0
6269,0,,0
6270,2,,0
6271,2,,0
6272,1,,0
6273,0,,0
6274,1,,0
6275,1,,0
6276,0,,0
6277,0,,0
6278,2,,0
6279,2,,0
6280,1,,0
6281,2,,0
6282,2,,0
6283,2,,0
6284,2,,0
6285,1,,0
6286,0,,0
6287,0,,0
6288,1,,0
6289,2,,0
6290,2,,0
6291,1,,0
6292,2,,0
6293,1,,0
6294,1,,0
6295,0,,0
6296,1,,0
6297,0,,0
6298,1,,0
6299,2,,0
6300,1,,0
6301,1,,0
6302,2,,0
6303,0,,0
6304,0,,0
6305,2,,0
6306,0,,0
6307,0,,0
6308,0,,0
6309,0,,0
6310,1,,0
6311,1,,0
6312,1,,0
6313,1,,0
6314,0,,0
6315,2,,0
6316,1,,0
6317,1,,0
6318,2,,0
6319,1,,0
6320,2,,0
6321,2,,0
6322,0,,0
6323,0,,0
6324,1,,0
6325,1,,0
6326,0,,0
6327,2,,0
6328,1,,0
6329,1,,0
6330,1,,0
6331,2,,0
6332,1,,0
6333,2,,0
6334,0,,0
6335,1,,0
6336,2,,0
6337,0,,0
6338,2,,0
6339,1,,0
6340,1,,0
6341,0,,0
6342,2,,0
6343,2,,0
6344,2,,0
6345,2,,0
6346,0,,0
6347,1,,0
6348,1,,0
6349,0,,0
6350,0,,0
6351,0,,0
6352,2,,0
6353,0,,0
6354,1,,0
6355,2,,0
6356,1,,0
6357,2,,0
6358,2,,0
6359,0,,0
6360,1,,0
6361,2,,0
6362,2,,0
6363,1,,0
6364,1,,0
6365,2,,0
6366,1,,0
6367,2,,0
6368,2,,0
6369,0,,0
6370,1,,0
6371,0,,0
6372,2,,0
6373,0,,0
6374,1,,0
6375,1,,0
6376,2,,0
6377,2,,0
6378,0,,0
6379,2,,0
6380,1,,0
6381,1,,0
6382,0,,0
6383,1,,0
6384,0,,0
6385,2,,0
6386,2,,0
6387,2,,0
6388,0,,0
6389,1,,0
6390,1,,0
6391,1,,0
6392,2,,0
6393,0,,0
6394,2,,0
6395,0,,0
6396,0,,0
6397,0,,0
6398,0,,0
6399,1,,0
6400,1,,0
6401,1,,0
6402,2,,0
6403,1,,0
6404,0,,0
6405,1,,0
6406,2,,0
6407,0,,0
6408,1,,0
6409,2,,0
6410,1,,0
6411,2,,0
6412,2,,0
6413,0,,0
6414,1,,0
6415,0,,0
6416,2,,0
6417,0,,0
6418,2,,0
6419,1,,0
6420,0,,0
6421,1,,0
6422,1,,0
6423,0,,0
6424,0,,0
6425,1,,0
6426,0,,0
6427,0,,0
6428,0,,0
6429,2,,0
6430,1,,0
6431,1,,0
6432,1,,0
6433,0,,0
6434,0,,0
6435,0,,0
6436,1,,0
6437,1,,0
6438,0,,0
6439,2,,0
6440,1,,0
6441,2,,0
6442,1,,0
6443,0,,0
6444,0,,0
6445,1,,0
6446,1,,0
6447,1,,0
6448,0,,0
6449,1,,0
6450,2,,0
6451,0,,0
6452,2,,0
6453,0,,0
6454,0,,0
6455,1,,0
6456,1,,0
6457,0,,0
6458,2,,0
6459,1,,0
6460,2,,0
6461,1,,0
6462,0,,0
6463,1,,0
6464,2,,0
6465,1,,0
6466,1,,0
6467,0,,0
6468,1,,0
6469,1,,0
6470,2,,0
6471,2,,0
6472,1,,0
6473,2,,0
6474,0,,0
6475,1,,0
6476,2,,0
6477,0,,0
6478,1,,0
6479,0,,0
6480,1,,0
6481,1,,0
6482,0,,0
6483,1,,0
6484,0,,0
6485,2,,0
6486,1,,0
6487,1,,0
6488,1,,0
6489,0,,0
6490,1,,0
6491,2,,0
6492,1,,0
6493,2,,0
6494,0,,0
6495,1,,0
6496,2,,0
6497,1,,0
6498,1,,0
6499,0,,0
6500,2,,0
6501,2,,0
6502,0,,0
6503,1,,0
6504,0,,0
6505,2,,0
6506,0,,0
6507,1,,0
6508,1,,0
6509,1,,0
6510,1,,0
6511,0,,0
6512,0,,0
6513,1,,0
6514,1,,0
6515,0,,0
6516,1,,0
6517,1,,0
6518,0,,0
6519,2,,0
6520,2,,0
6521,1,,0
6522,2,,0
6523,0,,0
6524,2,,0
6525,0,,0
6526,1,,0
6527,2,,0
6528,2,,0
6529,0,,0
6530,1,,0
6531,0,,0
6532,0,,0
6533,1,,0
6534,1,,0
6535,2,,0
6536,1,,0
6537,0,,0
6538,1,,0
6539,2,,0
6540,2,,0
6541,2,,0
6542,0,,0
6543,1,,0
6544,2,,0
6545,0,,0
6546,0,,0
6547,1,,0
6548,2,,0
6549,2,,0
6550,1,,0
6551,2,,0
6552,1,,0
6553,1,,0
6554,1,,0
6555,0,,0
6556,0,,0
6557,2,,0
6558,1,,0
6559,1,,0
6560,0,,0
6561,0,,0
6562,1,,0
6563,2,,0
6564,2,,0
6565,0,,0
6566,2,,0
6567,0,,0
6568,0,,0
6569,2,,0
6570,1,,0
6571,2,,0
6572,0,,0
6573,0,,0
6574,0,,0
6575,1,,0
6576,0,,0
6577,2,,0
6578,0,,0
6579,2,,0
6580,0,,0
6581,1,,0
6582,1,,0
6583,1,,0
6584,2,,0
6585,1,,0
6586,2,,0
6587,0,,0
6588,1,,0
6589,0,,0
6590,2,,0
6591,0,,0
6592,0,,0
6593,2,,0
6594,0,,0
6595,1,,0
6596,0,,0
6597,2,,0
6598,0,,0
6599,2,,0
6600,1,,0
6601,1,,0
6602,1,,0
6603,1,,0
6604,0,,0
6605,1,,0
6606,1,,0
6607,1,,0
6608,0,,0
6609,2,,0
6610,2,,0
6611,2,,0
6612,2,,0
6613,2,,0
6614,2,,0
6615,1,,0
6616,2,,0
6617,2,,0
6618,1,,0
6619,1,,0
6620,1,,0
6621,1,,0
6622,1,,0
6623,1,,0
6624,1,,0
6625,2,,0
6626,0,,0
6627,2,,0
6628,1,,0
6629,0,,0
6630,0,,0
6631,0,,0
6632,0,,0
6633,2,,0
6634,2,,0
6635,2,,0
6636,0,,0
6637,0,,0
6638,2,,0
6639,0,,0
6640,0,,0
6641,1,,0
6642,1,,0
6643,1,,0
6644,0,,0
6645,0,,0
6646,1,,0
6647,1,,0
6648,2,,0
6649,0,,0
6650,0,,0
6651,0,,0
6652,2,,0
6653,2,,0
6654,1,,0
6655,1,,0
6656,2,,0
6657,0,,0
6658,0,,0
6659,1,,0
6660,1,,0
6661,0,,0
6662,2,,0
6663,1,,0
6664,1,,0
6665,2,,0
6666,2,,0
6667,2,,0
6668,0,,0
6669,1,,0
6670,2,,0
6671,0,,0
6672,2,,0
6673,0,,0
6674,2,,0
6675,2,,0
6676,2,,0
6677,2,,0
6678,0,,0
6679,1,,0
6680,0,,0
6681,2,,0
6682,2,,0
6683,1,,0
6684,1,,0
6685,2,,0
6686,0,,0
6687,0,,0
6688,0,,0
6689,0,,0
6690,0,,0
6691,2,,0
6692,1,,0
6693,2,,0
6694,1,,0
6695,2,,0
6696,2,,0
6697,0,,0
6698,1,,0
6699,1,,0
6700,2,,0
6701,2,,0
6702,2,,0
6703,1,,0
6704,1,,0
6705,0,,0
6706,1,,0
6707,0,,0
6708,2,,0
6709,1,,0
6710,2,,0
6711,2,,0
6712,2,,0
6713,1,,0
6714,1,,0
6715,0,,0
6716,2,,0
6717,0,,0
6718,1,,0
6719,0,,0
6720,2,,0
6721,0,,0
6722,2,,0
6723,1,,0
6724,0,,0
6725,1,,0
6726,2,,0
6727,2,,0
6728,0,,0
6729,1,,0
6730,2,,0
6731,2,,0
6732,0,,0
6733,0,,0
6734,2,,0
6735,2,,0
6736,1,,0
6737,2,,0
6738,2,,0
6739,0,,0
6740,2,,0
6741,1,,0
6742,1,,0
6743,2,,0
6744,2,,0
6745,2,,0
6746,1,,0
6747,0,,0
6748,1,,0
6749,2,,0
6750,0,,0
6751,2,,0
6752,2,,0
6753,0,,0
6754,1,,0
6755,0,,0
6756,1,,0
6757,0,,0
6758,0,,0
6759,2,,0
6760,2,,0
6761,2,,0
6762,0,,0
6763,2,,0
6764,1,,0
6765,1,,0
6766,2,,0
6767,2,,0
6768,1,,0
6769,2,,0
6770,2,,0
6771,1,,0
6772,1,,0
6773,1,,0
6774,1,,0
6775,2,,0
6776,2,,0
6777,1,,0
6778,1,,0
6779,1,,0
6780,0,,0
6781,1,,0
6782,2,,0
6783,2,,0
6784,0,,0
6785,2,,0
6786,1,,0
6787,0,,0
6788,0,,0
6789,1,,0
6790,2,,0
6791,0,,0
6792,1,,0
6793,0,,0
6794,0,,0
6795,1,,0
6796,0,,0
6797,0,,0
6798,1,,0
6799,1,,0
6800,2,,0
6801,1,,0
6802,1,,0
6803,1,,0
6804,1,,0
6805,0,,0
6806,0,,0
6807,1,,0
6808,1,,0
6809,2,,0
6810,0,,0
6811,2,,0
6812,1,,0
6813,0,,0
6814,1,,0
6815,2,,0
6816,2,,0
6817,1,,0
6818,2,,0
6819,2,,0
6820,0,,0
6821,1,,0
6822,1,,0
6823,0,,0
6824,1,,0
6825,1,,0
6826,0,,0
6827,2,,0
6828,2,,0
6829,0,,0
6830,2,,0
6831,0,,0
6832,2,,0
6833,1,,0
6834,2,,0
6835,2,,0
6836,2,,0
6837,1,,0
6838,0,,0
6839,0,,0
6840,0,,0
6841,2,,0
6842,0,,0
6843,1,,0
6844,2,,0
6845,1,,0
6846,1,,0
6847,1,,0
6848,0,,0
6849,0,,0
6850,2,,0
6851,2,,0
6852,2,,0
6853,1,,0
6854,0,,0
6855,2,,0
6856,1,,0
6857,0,,0
6858,1,,0
6859,1,,0
6860,2,,0
6861,0,,0
6862,2,,0
6863,2,,0
6864,2,,0
6865,0,,0
6866,0,,0
6867,1,,0
6868,0,,0
6869,0,,0
6870,0,,0
6871,0,,0
6872,1,,0
6873,0,,0
6874,1,,0
6875,1,,0
6876,1,,0
6877,0,,0
6878,2,,0
6879,0,,0
6880,2,,0
6881,2,,0
6882,1,,0
6883,1,,0
6884,0,,0
6885,1,,0
6886,0,,0
6887,1,,0
6888,2,,0
6889,0,,0
6890,1,,0
6891,1,,0
6892,1,,0
6893,1,,0
6894,2,,0
6895,0,,0
6896,1,,0
6897,0,,0
6898,0,,0
6899,1,,0
6900,1,,0
6901,0,,0
6902,1,,0
6903,0,,0
6904,2,,0
6905,2,,0
6906,2,,0
6907,0,,0
6908,0,,0
6909,1,,0
6910,1,,0
6911,0,,0
6912,0,,0
6913,1,,0
6914,2,,0
6915,1,,0
6916,1,,0
6917,2,,0
6918,0,,0
6919,2,,0
6920,1,,0
6921,1,,0
6922,0,,0
6923,0,,0
6924,2,,0
6925,0,,0
6926,2,,0
6927,2,,0
6928,1,,0
6929,1,,0
6930,0,,0
6931,1,,0
6932,1,,0
6933,1,,0
6934,1,,0
6935,0,,0
6936,0,,0
6937,0,,0
6938,1,,0
6939,1,,0
6940,2,,0
6941,2,,0
6942,2,,0
6943,1,,0
6944,0,,0
6945,1,,0
6946,1,,0
6947,0,,0
6948,0,,0
6949,1,,0
6950,1,,0
6951,2,,0
6952,2,,0
6953,1,,0
6954,0,,0
6955,1,,0
6956,2,,0
6957,0,,0
6958,2,,0
6959,1,,0
6960,1,,0
6961,1,,0
6962,0,,0
6963,0,,0
6964,0,,0
6965,2,,0
6966,0,,0
6967,0,,0
6968,0,,0
6969,0,,0
6970,1,,0
6971,2,,0
6972,1,,0
6973,2,,0
6974,0,,0
6975,2,,0
6976,1,,0
6977,2,,0
6978,1,,0
6979,0,,0
6980,2,,0
6981,1,,0
6982,1,,0
6983,1,,0
6984,0,,0
6985,2,,0
6986,0,,0
6987,2,,0
6988,2,,0
6989,0,,0
6990,0,,0
6991,2,,0
6992,0,,0
6993,1,,0
6994,2,,0
6995,2,,0
6996,2,,0
6997,0,,0
6998,1,,0
6999,0,,0
7000,0,,0
7001,2,,0
7002,0,,0
7003,1,,0
7004,2,,0
7005,1,,0
7006,0,,0
7007,2,,0
7008,2,,0
7009,0,,0
7010,0,,0
7011,1,,0
7012,2,,0
7013,2,,0
7014,1,,0
7015,0,,0
7016,1,,0
7017,2,,0
7018,2,,0
7019,1,,0
7020,2,,0
7021,1,,0
7022,1,,0
7023,2,,0
7024,1,,0
7025,1,,0
7026,1,,0
7027,1,,0
7028,2,,0
7029,0,,0
7030,1,,0
7031,0,,0
7032,1,,0
7033,0,,0
7034,2,,0
7035,1,,0
7036,1,,0
7037,1,,0
7038,2,,0
7039,2,,0
7040,2,,0
7041,2,,0
7042,1,,0
7043,0,,0
7044,2,,0
7045,1,,0
7046,1,,0
7047,1,,0
7048,2,,0
7049,0,,0
7050,1,,0
7051,0,,0
7052,2,,0
7053,1,,0
7054,1,,0
7055,2,,0
7056,2,,0
7057,0,,0
7058,2,,0
7059,2,,0
7060,2,,0
7061,2,,0
7062,0,,0
7063,1,,0
7064,0,,0
7065,0,,0
7066,1,,0
7067,1,,0
7068,2,,0
7069,2,,0
7070,0,,0
7071,2,,0
7072,1,,0
7073,1,,0
7074,0,,0
7075,0,,0
7076,2,,0
7077,2,,0
7078,2,,0
7079,0,,0
7080,2,,0
7081,1,,0
7082,2,,0
7083,0,,0
7084,1,,0
7085,1,,0
7086,1,,0
7087,1,,0
7088,1,,0
7089,2,,0
7090,1,,0
7091,2,,0
7092,0,,0
7093,1,,0
7094,2,,0
7095,0,,0
7096,1,,0
7097,2,,0
7098,2,,0
7099,0,,0
7100,2,,0
7101,0,,0
7102,1,,0
7103,1,,0
7104,0,,0
7105,2,,0
7106,1,,0
7107,0,,0
7108,0,,0
7109,1,,0
7110,1,,0
7111,1,,0
7112,0,,0
7113,2,,0
7114,0,,0
7115,2,,0
7116,0,,0
7117,1,,0
7118,2,,0
7119,1,,0
7120,1,,0
7121,0,,0
7122,2,,0
7123,0,,0
7124,0,,0
7125,0,,0
7126,2,,0
7127,2,,0
7128,0,,0
7129,0,,0
7130,2,,0
7131,0,,0
7132,1,,0
7133,2,,0
7134,0,,0
7135,0,,0
7136,1,,0
7137,0,,0
7138,1,,0
7139,2,,0
7140,1,,0
7141,0,,0
7142,0,,0
7143,2,,0
7144,2,,0
7145,2,,0
7146,2,,0
7147,0,,0
7148,1,,0
7149,0,,0
7150,1,,0
7151,0,,0
7152,0,,0
7153,2,,0
7154,0,,0
7155,2,,0
7156,2,,0
7157,0,,0
7158,0,,0
7159,0,,0
7160,0,,0
7161,0,,0
7162,0,,0
7163,0,,0
7164,2,,0
7165,1,,0
7166,1,,0
7167,1,,0
7168,0,,0
7169,2,,0
7170,2,,0
7171,2,,0
7172,2,,0
7173,2,,0
7174,1,,0
7175,2,,0
7176,1,,0
7177,2,,0
7178,1,,0
7179,0,,0
7180,2,,0
7181,0,,0
7182,2,,0
7183,2,,0
7184,1,,0
7185,1,,0
7186,0,,0
7187,0,,0
7188,0,,0
7189,1,,0
7190,0,,0
7191,1,,0
7192,1,,0
7193,0,,0
7194,0,,0
7195,1,,0
7196,0,,0
7197,0,,0
7198,1,,0
7199,2,,0
7200,2,,0
7201,1,,0
7202,1,,0
7203,0,,0
7204,0,,0
7205,1,,0
7206,0,,0
7207,0,,0
7208,1,,0
7209,1,,0
7210,1,,0
7211,2,,0
7212,1,,0
7213,2,,0
7214,2,,0
7215,2,,0
7216,2,,0
7217,1,,0
7218,1,,0
7219,1,,0
7220,0,,0
7221,1,,0
7222,0,,0
7223,0,,0
7224,1,,0
7225,2,,0
7226,0,,0
7227,1,,0
7228,1,,0
7229,2,,0
7230,1,,0
7231,1,,0
7232,2,,0
7233,1,,0
7234,0,,0
7235,2,,0
7236,1,,0
7237,1,,0
7238,1,,0
7239,0,,0
7240,2,,0
7241,1,,0
7242,0,,0
7243,1,,0
7244,0,,0
7245,0,,0
7246,1,,0
7247,0,,0
7248,1,,0
7249,2,,0
7250,1,,0
7251,2,,0
7252,2,,0
7253,2,,0
7254,2,,0
7255,1,,0
7256,1,,0
7257,1,,0
7258,2,,0
7259,1,,0
7260,1,,0
7261,1,,0
7262,2,,0
7263,0,,0
7264,0,,0
7265,0,,0
7266,2,,0
7267,1,,0
7268,1,,0
7269,1,,0
7270,2,,0
7271,0,,0
7272,0,,0
7273,1,,0
7274,0,,0
7275,1,,0
7276,0,,0
7277,1,,0
7278,1,,0
7279,0,,0
7280,1,,0
7281,1,,0
7282,2,,0
7283,2,,0
7284,0,,0
7285,2,,0
7286,0,,0
7287,0,,0
7288,1,,0
7289,2,,0
7290,1,,0
7291,2,,0
7292,2,,0
7293,1,,0
7294,2,,0
7295,0,,0
7296,1,,0
7297,1,,0
7298,2,,0
7299,0,,0
7300,0,,0
7301,1,,0
7302,1,,0
7303,0,,0
7304,1,,0
7305,1,,0
7306,0,,0
7307,1,,0
7308,0,,0
7309,1,,0
7310,2,,0
7311,1,,0
7312,2,,0
7313,2,,0
7314,1,,0
7315,0,,0
7316,0,,0
7317,0,,0
7318,1,,0
7319,2,,0
7320,0,,0
7321,1,,0
7322,0,,0
7323,2,,0
7324,2,,0
7325,2,,0
7326,0,,0
7327,0,,0
7328,2,,0
7329,1,,0
7330,0,,0
7331,2,,0
7332,2,,0
7333,1,,0
7334,1,,0
7335,2,,0
7336,2,,0
7337,1,,0
7338,1,,0
7339,1,,0
7340,0,,0
7341,0,,0
7342,2,,0
7343,2,,0
7344,0,,0
7345,2,,0
7346,2,,0
7347,1,,0
7348,2,,0
7349,1,,0
7350,0,,0
7351,2,,0
7352,0,,0
7353,0,,0
7354,2,,0
7355,0,,0
7356,1,,0
7357,2,,0
7358,0,,0
7359,0,,0
7360,2,,0
7361,1,,0
7362,1,,0
7363,0,,0
7364,2,,0
7365,1,,0
7366,1,,0
7367,1,,0
7368,2,,0
7369,1,,0
7370,1,,0
7371,1,,0
7372,2,,0
7373,2,,0
7374,2,,0
7375,1,,0
7376,0,,0
7377,1,,0
7378,0,,0
7379,0,,0
7380,2,,0
7381,2,,0
7382,2,,0
7383,0,,0
7384,2,,0
7385,1,,0
7386,2,,0
7387,2,,0
7388,2,,0
7389,2,,0
7390,0,,0
7391,2,,0
7392,0,,0
7393,0,,0
7394,1,,0
7395,1,,0
7396,0,,0
7397,1,,0
7398,2,,0
7399,0,,0
7400,2,,0
7401,2,,0
7402,1,,0
7403,0,,0
7404,2,,0
7405,2,,0
7406,0,,0
7407,2,,0
7408,1,,0
7409,1,,0
7410,0,,0
7411,2,,0
7412,0,,0
7413,1,,0
7414,2,,0
7415,2,,0
7416,1,,0
7417,0,,0
7418,0,,0
7419,0,,0
7420,1,,0
7421,0,,0
7422,1,,0
7423,0,,0
7424,2,,0
7425,2,,0
7426,0,,0
7427,2,,0
7428,2,,0
7429,0,,0
7430,0,,0
7431,2,,0
7432,2,,0
7433,2,,0
7434,0,,0
7435,0,,0
7436,0,,0
7437,2,,0
7438,0,,0
7439,2,,0
7440,1,,0
7441,2,,0
7442,2,,0
7443,0,,0
7444,2,,0
7445,2,,0
7446,1,,0
7447,2,,0
7448,2,,0
7449,2,,0
7450,2,,0
7451,1,,0
7452,2,,0
7453,1,,0
7454,0,,0
7455,2,,0
7456,1,,0
7457,2,,0
7458,2,,0
7459,1,,0
7460,1,,0
7461,0,,0
7462,2,,0
7463,2,,0
7464,1,,0
7465,1,,0
7466,1,,0
7467,1,,0
7468,1,,0
7469,1,,0
7470,0,,0
7471,2,,0
7472,1,,0
7473,1,,0
7474,0,,0
7475,1,,0
7476,0,,0
7477,2,,0
7478,0,,0
7479,0,,0
7480,0,,0
7481,2,,0
7482,1,,0
7483,2,,0
7484,1,,0
7485,2,,0
7486,0,,0
7487,2,,0
7488,1,,0
7489,2,,0
7490,0,,0
7491,1,,0
7492,1,,0
7493,1,,0
7494,2,,0
7495,1,,0
7496,0,,0
7497,2,,0
7498,1,,0
7499,2,,0
7500,2,,0
7501,1,,0
7502,1,,0
7503,1,,0
7504,1,,0
7505,2,,0
7506,0,,0
7507,0,,0
7508,2,,0
7509,1,,0
7510,1,,0
7511,1,,0
7512,1,,0
7513,1,,0
7514,0,,0
7515,0,,0
7516,2,,0
7517,2,,0
7518,2,,0
7519,1,,0
7520,2,,0
7521,0,,0
7522,1,,0
7523,0,,0
7524,2,,0
7525,2,,0
7526,1,,0
7527,2,,0
7528,2,,0
7529,0,,0
7530,1,,0
7531,0,,0
7532,0,,0
7533,1,,0
7534,0,,0
7535,0,,0
7536,0,,0
7537,1,,0
7538,1,,0
7539,1,,0
7540,2,,0
7541,2,,0
7542,0,,0
7543,0,,0
7544,0,,0
7545,1,,0
7546,1,,0
7547,1,,0
7548,1,,0
7549,0,,0
7550,0,,0
7551,2,,0
7552,1,,0
7553,1,,0
7554,0,,0
7555,0,,0
7556,0,,0
7557,1,,0
7558,0,,0
7559,0,,0
7560,1,,0
7561,1,,0
7562,1,,0
7563,1,,0
7564,0,,0
7565,1,,0
7566,2,,0
7567,2,,0
7568,0,,0
7569,0,,0
7570,0,,0
7571,2,,0
7572,1,,0
7573,0,,0
7574,1,,0
7575,1,,0
7576,2,,0
7577,1,,0
7578,1,,0
7579,0,,0
7580,1,,0
7581,2,,0
7582,2,,0
7583,1,,0
7584,0,,0
7585,2,,0
7586,0,,0
7587,2,,0
7588,0,,0
7589,0,,0
7590,1,,0
7591,2,,0
7592,2,,0
7593,0,,0
7594,2,,0
7595,0,,0
7596,1,,0
7597,1,,0
7598,1,,0
7599,1,,0
7600,0,,0
7601,0,,0
7602,0,,0
7603,2,,0
7604,1,,0
7605,1,,0
7606,1,,0
7607,2,,0
7608,2,,0
7609,0,,0
7610,1,,0
7611,2,,0
7612,1,,0
7613,1,,0
7614,0,,0
7615,1,,0
7616,1,,0
7617,0,,0
7618,0,,0
7619,2,,0
7620,0,,0
7621,1,,0
7622,2,,0
7623,1,,0
7624,2,,0
7625,0,,0
7626,0,,0
7627,0,,0
7628,2,,0
7629,2,,0
7630,1,,0
7631,0,,0
7632,2,,0
7633,2,,0
7634,2,,0
7635,0,,0
7636,0,,0
7637,2,,0
7638,1,,0
7639,2,,0
7640,2,,0
7641,1,,0
7642,1,,0
7643,1,,0
7644,2,,0
7645,1,,0
7646,1,,0
7647,2,,0
7648,2,,0
7649,0,,0
7650,0,,0
7651,0,,0
7652,0,,0
7653,2,,0
7654,1,,0
7655,2,,0
7656,2,,0
7657,2,,0
7658,1,,0
7659,1,,0
7660,2,,0
7661,0,,0
7662,0,,0
7663,2,,0
7664,2,,0
7665,2,,0
7666,0,,0
7667,2,,0
7668,0,,0
7669,2,,0
7670,1,,0
7671,2,,0
7672,2,,0
7673,1,,0
7674,0,,0
7675,1,,0
7676,1,,0
7677,0,,0
7678,2,,0
7679,2,,0
7680,1,,0
7681,2,,0
7682,2,,0
7683,0,,0
7684,0,,0
7685,0,,0
7686,2,,0
7687,0,,0
7688,0,,0
7689,1,,0
7690,0,,0
7691,1,,0
7692,0,,0
7693,1,,0
7694,0,,0
7695,1,,0
7696,1,,0
7697,2,,0
7698,2,,0
7699,2,,0
7700,2,,0
7701,2,,0
7702,1,,0
7703,0,,0
7704,1,,0
7705,2,,0
7706,1,,0
7707,1,,0
7708,0,,0
7709,2,,0
7710,2,,0
7711,2,,0
7712,1,,0
7713,0,,0
7714,1,,0
7715,0,,0
7716,2,,0
7717,2,,0
7718,0,,0
7719,0,,0
7720,1,,0
7721,0,,0
7722,2,,0
7723,1,,0
7724,1,,0
7725,0,,0
7726,2,,0
7727,1,,0
7728,2,,0
7729,1,,0
7730,1,,0
7731,1,,0
7732,1,,0
7733,1,,0
7734,1,,0
7735,1,,0
7736,1,,0
7737,1,,0
7738,0,,0
7739,1,,0
7740,1,,0
7741,1,,0
7742,0,,0
7743,2,,0
7744,1,,0
7745,1,,0
7746,1,,0
7747,1,,0
7748,0,,0
7749,0,,0
7750,1,,0
7751,0,,0
7752,1,,0
7753,1,,0
7754,2,,0
7755,2,,0
7756,2,,0
7757,0,,0
7758,1,,0
7759,2,,0
7760,0,,0
7761,2,,0
7762,1,,0
7763,2,,0
7764,0,,0
7765,1,,0
7766,0,,0
7767,2,,0
7768,0,,0
7769,2,,0
7770,1,,0
7771,0,,0
7772,0,,0
7773,0,,0
7774,2,,0
7775,1,,0
7776,2,,0
7777,0,,0
7778,0,,0
7779,2,,0
7780,0,,0
7781,1,,0
7782,0,,0
7783,1,,0
7784,0,,0
7785,0,,0
7786,0,,0
7787,0,,0
7788,0,,0
7789,0,,0
7790,0,,0
7791,0,,0
7792,0,,0
7793,2,,0
7794,1,,0
7795,0,,0
7796,0,,0
7797,0,,0
7798,0,,0
7799,0,,0
7800,0,,0
7801,0,,0
7802,2,,0
7803,2,,0
7804,2,,0
7805,2,,0
7806,0,,0
7807,2,,0
7808,1,,0
7809,1,,0
7810,0,,0
7811,0,,0
7812,0,,0
7813,1,,0
7814,2,,0
7815,1,,0
7816,0,,0
7817,1,,0
7818,0,,0
7819,2,,0
7820,1,,0
7821,2,,0
7822,1,,0
7823,0,,0
7824,0,,0
7825,2,,0
7826,2,,0
7827,2,,0
7828,2,,0
7829,1,,0
7830,2,,0
7831,2,,0
7832,0,,0
7833,1,,0
7834,0,,0
7835,2,,0
7836,2,,0
7837,0,,0
7838,0,,0
7839,0,,0
7840,0,,0
7841,2,,0
7842,2,,0
7843,1,,0
7844,2,,0
7845,2,,0
7846,1,,0
7847,0,,0
7848,1,,0
7849,0,,0
7850,1,,0
7851,2,,0
7852,1,,0
7853,2,,0
7854,2,,0
7855,2,,0
7856,2,,0
7857,0,,0
7858,0,,0
7859,0,,0
7860,2,,0
7861,1,,0
7862,1,,0
7863,2,,0
7864,1,,0
7865,2,,0
7866,2,,0
7867,0,,0
7868,0,,0
7869,0,,0
7870,0,,0
7871,1,,0
7872,0,,0
7873,1,,0
7874,1,,0
7875,0,,0
7876,2,,0
7877,0,,0
7878,1,,0
7879,1,,0
7880,1,,0
7881,1,,0
7882,2,,0
7883,1,,0
7884,1,,0
7885,0,,0
7886,1,,0
7887,0,,0
7888,1,,0
7889,1,,0
7890,1,,0
7891,1,,0
7892,2,,0
7893,1,,0
7894,0,,0
7895,1,,0
7896,1,,0
7897,1,,0
7898,1,,0
7899,2,,0
7900,1,,0
7901,1,,0
7902,0,,0
7903,1,,0
7904,1,,0
7905,0,,0
7906,0,,0
7907,2,,0
7908,2,,0
7909,0,,0
7910,1,,0
7911,0,,0
7912,1,,0
7913,1,,0
7914,2,,0
7915,0,,0
7916,2,,0
7917,1,,0
7918,0,,0
7919,2,,0
7920,1,,0
7921,1,,0
7922,0,,0
7923,0,,0
7924,1,,0
7925,2,,0
7926,0,,0
7927,1,,0
7928,1,,0
7929,2,,0
7930,1,,0
7931,2,,0
7932,2,,0
7933,2,,0
7934,2,,0
7935,2,,0
7936,0,,0
7937,2,,0
7938,0,,0
7939,0,,0
7940,2,,0
7941,1,,0
7942,0,,0
7943,2,,0
7944,0,,0
7945,1,,0
7946,2,,0
7947,2,,0
7948,2,,0
7949,1,,0
7950,0,,0
7951,2,,0
7952,0,,0
7953,2,,0
7954,1,,0
7955,1,,0
7956,2,,0
7957,2,,0
7958,1,,0
7959,1,,0
7960,2,,0
7961,0,,0
7962,1,,0
7963,0,,0
7964,0,,0
7965,1,,0
7966,2,,0
7967,1,,0
7968,2,,0
7969,2,,0
7970,1,,0
7971,1,,0
7972,0,,0
7973,2,,0
7974,2,,0
7975,2,,0
7976,2,,0
7977,0,,0
7978,0,,0
7979,1,,0
7980,2,,0
7981,2,,0
7982,2,,0
7983,1,,0
7984,1,,0
7985,1,,0
7986,1,,0
7987,2,,0
7988,1,,0
7989,2,,0
7990,1,,0
7991,0,,0
7992,0,,0
7993,1,,0
7994,0,,0
7995,0,,0
7996,0,,0
7997,0,,0
7998,1,,0
7999,0,,0
8000,2,,0
8001,2,,0
8002,0,,0
8003,1,,0
8004,2,,0
8005,1,,0
8006,0,,0
8007,0,,0
8008,1,,0
8009,0,,0
8010,1,,0
8011,1,,0
8012,0,,0
8013,1,,0
8014,2,,0
8015,2,,0
8016,0,,0
8017,2,,0
8018,1,,0
8019,2,,0
8020,2,,0
8021,2,,0
8022,0,,0
8023,2,,0
8024,1,,0
8025,1,,0
8026,1,,0
8027,1,,0
8028,1,,0
8029,0,,0
8030,2,,0
8031,1,,0
8032,2,,0
8033,2,,0
8034,2,,0
8035,0,,0
8036,2,,0
8037,0,,0
8038,1,,0
8039,0,,0
8040,2,,0
8041,1,,0
8042,2,,0
8043,0,,0
8044,1,,0
8045,2,,0
8046,2,,0
8047,1,,0
8048,1,,0
8049,0,,0
8050,1,,0
8051,2,,0
8052,0,,0
8053,2,,0
8054,2,,0
8055,0,,0
8056,1,,0
8057,2,,0
8058,0,,0
8059,0,,0
8060,0,,0
8061,2,,0
8062,0,,0
8063,2,,0
8064,2,,0
8065,1,,0
8066,2,,0
8067,2,,0
8068,0,,0
8069,2,,0
8070,2,,0
8071,0,,0
8072,0,,0
8073,0,,0
8074,1,,0
8075,2,,0
8076,0,,0
8077,2,,0
8078,2,,0
8079,2,,0
8080,1,,0
8081,1,,0
8082,0,,0
8083,0,,0
8084,0,,0
8085,0,,0
8086,2,,0
8087,2,,0
8088,0,,0
8089,0,,0
8090,0,,0
8091,2,,0
8092,0,,0
8093,2,,0
8094,2,,0
8095,0,,0
8096,0,,0
8097,1,,0
8098,1,,0
8099,2,,0
8100,2,,0
8101,2,,0
8102,2,,0
8103,1,,0
8104,2,,0
8105,1,,0
8106,1,,0
8107,2,,0
8108,1,,0
8109,0,,0
8110,0,,0
8111,2,,0
8112,2,,0
8113,2,,0
8114,1,,0
8115,1,,0
8116,1,,0
8117,0,,0
8118,1,,0
8119,1,,0
8120,1,,0
8121,0,,0
8122,2,,0
8123,0,,0
8124,1,,0
8125,1,,0
8126,2,,0
8127,0,,0
8128,1,,0
8129,0,,0
8130,0,,0
8131,2,,0
8132,2,,0
8133,2,,0
8134,0,,0
8135,0,,0
8136,0,,0
8137,1,,0
8138,2,,0
8139,0,,0
8140,2,,0
8141,1,,0
8142,2,,0
8143,0,,0
8144,0,,0
8145,2,,0
8146,1,,0
8147,2,,0
8148,2,,0
8149,0,,0
8150,2,,0
8151,0,,0
8152,0,,0
8153,0,,0
8154,1,,0
8155,0,,0
8156,2,,0
8157,2,,0
8158,0,,0
8159,2,,0
8160,0,,0
8161,2,,0
8162,0,,0
8163,0,,0
8164,1,,0
8165,1,,0
8166,0,,0
8167,2,,0
8168,1,,0
8169,1,,0
8170,2,,0
8171,0,,0
8172,2,,0
8173,2,,0
8174,1,,0
8175,0,,0
8176,0,,0
8177,2,,0
8178,0,,0
8179,0,,0
8180,0,,0
8181,0,,0
8182,0,,0
8183,1,,0
8184,1,,0
8185,2,,0
8186,2,,0
8187,0,,0
8188,0,,0
8189,2,,0
8190,0,,0
8191,0,,0
8192,2,,0
8193,0,,0
8194,0,,0
8195,0,,0
8196,0,,0
8197,1,,0
8198,2,,0
8199,0,,0
8200,1,,0
8201,1,,0
8202,1,,0
8203,1,,0
8204,0,,0
8205,0,,0
8206,0,,0
8207,1,,0
8208,0,,0
8209,1,,0
8210,0,,0
8211,0,,0
8212,1,,0
8213,0,,0
8214,2,,0
8215,0,,0
8216,2,,0
8217,1,,0
8218,2,,0
8219,2,,0
8220,2,,0
8221,1,,0
8222,1,,0
8223,1,,0
8224,0,,0
8225,0,,0
8226,1,,0
8227,2,,0
8228,0,,0
8229,2,,0
8230,2,,0
8231,1,,0
8232,2,,0
8233,1,,0
8234,2,,0
8235,2,,0
8236,2,,0
8237,0,,0
8238,1,,0
8239,2,,0
8240,2,,0
8241,0,,0
8242,2,,0
8243,2,,0
8244,2,,0
8245,2,,0
8246,0,,0
8247,0,,0
8248,0,,0
8249,2,,0
8250,2,,0
8251,1,,0
8252,1,,0
8253,2,,0
8254,2,,0
8255,0,,0
8256,2,,0
8257,1,,0
8258,1,,0
8259,0,,0
8260,2,,0
8261,0,,0
8262,1,,0
8263,0,,0
8264,0,,0
8265,0,,0
8266,2,,0
8267,2,,0
8268,1,,0
8269,1,,0
8270,1,,0
8271,0,,0
8272,2,,0
8273,2,,0
8274,1,,0
8275,1,,0
8276,0,,0
8277,1,,0
8278,1,,0
8279,1,,0
8280,1,,0
8281,0,,0
8282,2,,0
8283,1,,0
8284,1,,0
8285,2,,0
8286,0,,0
8287,2,,0
8288,0,,0
8289,1,,0
8290,1,,0
8291,1,,0
8292,2,,0
8293,0,,0
8294,1,,0
8295,2,,0
8296,0,,0
8297,2,,0
8298,1,,0
8299,2,,0
8300,2,,0
8301,1,,0
8302,2,,0
8303,1,,0
8304,0,,0
8305,2,,0
8306,0,,0
8307,1,,0
8308,2,,0
8309,1,,0
8310,2,,0
8311,1,,0
8312,1,,0
8313,0,,0
8314,1,,0
8315,1,,0
8316,1,,0
8317,1,,0
8318,2,,0
8319,2,,0
8320,0,,0
8321,1,,0
8322,1,,0
8323,2,,0
8324,2,,0
8325,2,,0
8326,0,,0
8327,1,,0
8328,2,,0
8329,2,,0
8330,0,,0
8331,1,,0
8332,0,,0
8333,2,,0
8334,0,,0
8335,1,,0
8336,0,,0
8337,0,,0
8338,0,,0
8339,1,,0
8340,1,,0
8341,0,,0
8342,0,,0
8343,0,,0
8344,2,,0
8345,0,,0
8346,1,,0
8347,1,,0
8348,1,,0
8349,1,,0
8350,0,,0
8351,1,,0
8352,1,,0
8353,2,,0
8354,0,,0
8355,2,,0
8356,2,,0
8357,2,,0
8358,0,,0
8359,1,,0
8360,1,,0
8361,1,,0
8362,1,,0
8363,1,,0
8364,0,,0
8365,0,,0
8366,1,,0
8367,1,,0
8368,1,,0
8369,2,,0
8370,0,,0
8371,0,,0
8372,1,,0
8373,1,,0
8374,0,,0
8375,0,,0
8376,1,,0
8377,0,,0
8378,1,,0
8379,0,,0
8380,2,,0
8381,0,,0
8382,0,,0
8383,2,,0
8384,1,,0
8385,1,,0
8386,1,,0
8387,1,,0
8388,0,,0
8389,0,,0
8390,2,,0
8391,1,,0
8392,2,,0
8393,0,,0
8394,1,,0
8395,2,,0
8396,2,,0
8397,0,,0
8398,0,,0
8399,2,,0
8400,2,,0
8401,1,,0
8402,2,,0
8403,2,,0
8404,0,,0
8405,2,,0
8406,1,,0
8407,0,,0
8408,0,,0
8409,2,,0
8410,0,,0
8411,2,,0
8412,2,,0
8413,2,,0
8414,0,,0
8415,1,,0
8416,2,,0
8417,0,,0
8418,1,,0
8419,1,,0
8420,2,,0
8421,2,,0
8422,0,,0
8423,2,,0
8424,2,,0
8425,0,,0
8426,2,,0
8427,0,,0
8428,0,,0
8429,2,,0
8430,1,,0
8431,1,,0
8432,0,,0
8433,1,,0
8434,1,,0
8435,0,,0
8436,2,,0
8437,0,,0
8438,2,,0
8439,0,,0
8440,2,,0
8441,1,,0
8442,0,,0
8443,0,,0
8444,1,,0
8445,2,,0
8446,1,,0
8447,1,,0
8448,2,,0
8449,1,,0
8450,1,,0
8451,2,,0
8452,0,,0
8453,1,,0
8454,1,,0
8455,1,,0
8456,0,,0
8457,0,,0
8458,1,,0
8459,0,,0
8460,2,,0
8461,2,,0
8462,2,,0
8463,1,,0
8464,0,,0
8465,0,,0
8466,0,,0
8467,1,,0
8468,1,,0
8469,1,,0
8470,0,,0
8471,0,,0
8472,2,,0
8473,2,,0
8474,0,,0
8475,1,,0
8476,0,,0
8477,0,,0
8478,2,,0
8479,0,,0
8480,1,,0
8481,1,,0
8482,0,,0
8483,1,,0
8484,2,,0
8485,0,,0
8486,1,,0
8487,0,,0
8488,0,,0
8489,2,,0
8490,2,,0
8491,1,,0
8492,0,,0
8493,1,,0
8494,0,,0
8495,1,,0
8496,2,,0
8497,2,,0
8498,2,,0
8499,1,,0
8500,2,,0
8501,0,,0
8502,1,,0
8503,2,,0
8504,1,,0
8505,2,,0
8506,2,,0
8507,1,,0
8508,2,,0
8509,0,,0
8510,1,,0
8511,2,,0
8512,0,,0
8513,1,,0
8514,0,,0
8515,2,,0
8516,0,,0
8517,2,,0
8518,2,,0
8519,0,,0
8520,1,,0
8521,1,,0
8522,1,,0
8523,0,,0
8524,2,,0
8525,2,,0
8526,0,,0
8527,1,,0
8528,1,,0
8529,2,,0
8530,1,,0
8531,1,,0
8532,1,,0
8533,0,,0
8534,2,,0
8535,1,,0
8536,2,,0
8537,2,,0
8538,0,,0
8539,1,,0
8540,1,,0
8541,2,,0
8542,1,,0
8543,2,,0
8544,1,,0
8545,2,,0
8546,0,,0
8547,1,,0
8548,1,,0
8549,2,,0
8550,1,,0
8551,2,,0
8552,0,,0
8553,2,,0
8554,0,,0
8555,2,,0
8556,2,,0
8557,1,,0
8558,1,,0
8559,1,,0
8560,0,,0
8561,0,,0
8562,2,,0
8563,0,,0
8564,1,,0
8565,0,,0
8566,1,,0
8567,2,,0
8568,0,,0
8569,1,,0
8570,2,,0
8571,1,,0
8572,2,,0
8573,2,,0
8574,0,,0
8575,0,,0
8576,0,,0
8577,2,,0
8578,2,,0
8579,1,,0
8580,1,,0
8581,1,,0
8582,1,,0
8583,1,,0
8584,2,,0
8585,2,,0
8586,0,,0
8587,1,,0
8588,0,,0
8589,2,,0
8590,1,,0
8591,0,,0
8592,2,,0
8593,1,,0
8594,0,,0
8595,2,,0
8596,1,,0
8597,0,,0
8598,2,,0
8599,2,,0
8600,2,,0
8601,0,,0
8602,2,,0
8603,2,,0
8604,1,,0
8605,0,,0
8606,0,,0
8607,1,,0
8608,2,,0
8609,1,,0
8610,2,,0
8611,1,,0
8612,0,,0
8613,2,,0
8614,2,,0
8615,1,,0
8616,0,,0
8617,2,,0
8618,1,,0
8619,1,,0
8620,2,,0
8621,0,,0
8622,1,,0
8623,0,,0
8624,1,,0
8625,2,,0
8626,2,,0
8627,0,,0
8628,2,,0
8629,0,,0
8630,1,,0
8631,1,,0
8632,0,,0
8633,0,,0
8634,1,,0
8635,0,,0
8636,2,,0
8637,2,,0
8638,0,,0
8639,2,,0
8640,0,,0
8641,2,,0
8642,2,,0
8643,1,,0
8644,2,,0
8645,0,,0
8646,1,,0
8647,1,,0
8648,0,,0
8649,2,,0
8650,1,,0
8651,1,,0
8652,2,,0
8653,0,,0
8654,1,,0
8655,0,,0
8656,1,,0
8657,1,,0
8658,1,,0
8659,1,,0
8660,1,,0
8661,1,,0
8662,2,,0
8663,2,,0
8664,2,,0
8665,0,,0
8666,1,,0
8667,0,,0
8668,2,,0
8669,2,,0
8670,1,,0
8671,1,,0
8672,0,,0
8673,1,,0
8674,0,,0
8675,0,,0
8676,2,,0
8677,0,,0
8678,0,,0
8679,1,,0
8680,1,,0
8681,0,,0
8682,2,,0
8683,0,,0
8684,1,,0
8685,1,,0
8686,2,,0
8687,0,,0
8688,0,,0
8689,0,,0
8690,0,,0
8691,1,,0
8692,0,,0
8693,1,,0
8694,1,,0
8695,0,,0
8696,0,,0
8697,0,,0
8698,2,,0
8699,0,,0
8700,2,,0
8701,0,,0
8702,1,,0
8703,1,,0
8704,0,,0
8705,1,,0
8706,2,,0
8707,2,,0
8708,2,,0
8709,0,,0
8710,0,,0
8711,1,,0
8712,2,,0
8713,0,,0
8714,1,,0
8715,0,,0
8716,2,,0
8717,1,,0
8718,2,,0
8719,0,,0
8720,2,,0
8721,1,,0
8722,0,,0
8723,2,,0
8724,2,,0
8725,0,,0
8726,0,,0
8727,2,,0
8728,0,,0
8729,0,,0
8730,1,,0
8731,2,,0
8732,1,,0
8733,0,,0
8734,1,,0
8735,0,,0
8736,1,,0
8737,0,,0
8738,2,,0
8739,2,,0
8740,2,,0
8741,1,,0
8742,0,,0
8743,2,,0
8744,2,,0
8745,0,,0
8746,2,,0
8747,2,,0
8748,0,,0
8749,1,,0
8750,0,,0
8751,0,,0
8752,0,,0
8753,2,,0
8754,1,,0
8755,1,,0
8756,2,,0
8757,2,,0
8758,2,,0
8759,1,,0
8760,0,,0
8761,2,,0
8762,1,,0
8763,2,,0
8764,0,,0
8765,1,,0
8766,0,,0
8767,1,,0
8768,1,,0
8769,1,,0
8770,2,,0
8771,1,,0
8772,1,,0
8773,1,,0
8774,2,,0
8775,2,,0
8776,2,,0
8777,1,,0
8778,0,,0
8779,0,,0
8780,1,,0
8781,0,,0
8782,1,,0
8783,0,,0
8784,1,,0
8785,1,,0
8786,0,,0
8787,0,,0
8788,0,,0
8789,2,,0
8790,2,,0
8791,1,,0
8792,0,,0
8793,0,,0
8794,1,,0
8795,0,,0
8796,1,,0
8797,0,,0
8798,0,,0
8799,2,,0
8800,2,,0
8801,1,,0
8802,2,,0
8803,2,,0
8804,0,,0
8805,2,,0
8806,2,,0
8807,1,,0
8808,0,,0
8809,0,,0
8810,1,,0
8811,0,,0
8812,1,,0
8813,1,,0
8814,2,,0
8815,0,,0
8816,2,,0
8817,0,,0
8818,0,,0
8819,1,,0
8820,0,,0
8821,2,,0
8822,2,,0
8823,2,,0
8824,1,,0
8825,2,,0
8826,1,,0
8827,2,,0
8828,1,,0
8829,0,,0
8830,0,,0
8831,1,,0
8832,0,,0
8833,2,,0
8834,0,,0
8835,0,,0
8836,2,,0
8837,0,,0
8838,2,,0
8839,2,,0
8840,2,,0
8841,2,,0
8842,0,,0
8843,2,,0
8844,2,,0
8845,1,,0
8846,1,,0
8847,0,,0
8848,1,,0
8849,1,,0
8850,2,,0
8851,2,,0
8852,2,,0
8853,2,,0
8854,1,,0
8855,1,,0
8856,1,,0
8857,1,,0
8858,0,,0
8859,0,,0
8860,2,,0
8861,0,,0
8862,2,,0
8863,2,,0
8864,2,,0
8865,0,,0
8866,0,,0
8867,2,,0
8868,0,,0
8869,2,,0
8870,1,,0
8871,1,,0
8872,2,,0
8873,1,,0
8874,2,,0
8875,2,,0
8876,0,,0
8877,0,,0
8878,0,,0
8879,0,,0
8880,2,,0
8881,0,,0
8882,0,,0
8883,1,,0
8884,1,,0
8885,2,,0
8886,2,,0
8887,0,,0
8888,1,,0
8889,1,,0
8890,1,,0
8891,1,,0
8892,2,,0
8893,1,,0
8894,0,,0
8895,0,,0
8896,2,,0
8897,1,,0
8898,2,,0
8899,2,,0
8900,2,,0
8901,0,,0
8902,0,,0
8903,0,,0
8904,0,,0
8905,0,,0
8906,2,,0
8907,2,,0
8908,0,,0
8909,0,,0
8910,1,,0
8911,1,,0
8912,0,,0
8913,0,,0
8914,1,,0
8915,2,,0
8916,0,,0
8917,1,,0
8918,2,,0
8919,0,,0
8920,0,,0
8921,1,,0
8922,1,,0
8923,2,,0
8924,0,,0
8925,2,,0
8926,2,,0
8927,0,,0
8928,0,,0
8929,0,,0
8930,1,,0
8931,0,,0
8932,1,,0
8933,1,,0
8934,0,,0
8935,1,,0
8936,0,,0
8937,1,,0
8938,1,,0
8939,1,,0
8940,1,,0
8941,2,,0
8942,1,,0
8943,1,,0
8944,1,,0
8945,0,,0
8946,0,,0
8947,0,,0
8948,0,,0
8949,2,,0
8950,1,,0
8951,0,,0
8952,0,,0
8953,0,,0
8954,0,,0
8955,0,,0
8956,2,,0
8957,1,,0
8958,2,,0
8959,1,,0
8960,2,,0
8961,1,,0
8962,2,,0
8963,1,,0
8964,1,,0
8965,2,,0
8966,2,,0
8967,0,,0
8968,2,,0
8969,2,,0
8970,1,,0
8971,1,,0
8972,1,,0
8973,2,,0
8974,0,,0
8975,2,,0
8976,2,,0
8977,1,,0
8978,2,,0
8979,2,,0
8980,0,,0
8981,2,,0
8982,2,,0
8983,0,,0
8984,2,,0
8985,0,,0
8986,2,,0
8987,0,,0
8988,2,,0
8989,0,,0
8990,2,,0
8991,0,,0
8992,2,,0
8993,1,,0
8994,1,,0
8995,1,,0
8996,2,,0
8997,2,,0
8998,1,,0
8999,0,,0
9000,2,,0
9001,0,,0
9002,1,,0
9003,0,,0
9004,2,,0
9005,2,,0
9006,0,,0
9007,2,,0
9008,1,,0
9009,0,,0
9010,0,,0
9011,2,,0
9012,0,,0
9013,0,,0
9014,1,,0
9015,2,,0
9016,1,,0
9017,0,,0
9018,2,,0
9019,0,,0
9020,0,,0
9021,0,,0
9022,1,,0
9023,1,,0
9024,1,,0
9025,1,,0
9026,0,,0
9027,1,,0
9028,1,,0
9029,1,,0
9030,0,,0
9031,2,,0
9032,2,,0
9033,2,,0
9034,1,,0
9035,0,,0
9036,1,,0
9037,2,,0
9038,2,,0
9039,1,,0
9040,0,,0
9041,0,,0
9042,1,,0
9043,0,,0
9044,0,,0
9045,1,,0
9046,0,,0
9047,1,,0
9048,2,,0
9049,0,,0
9050,2,,0
9051,0,,0
9052,0,,0
9053,0,,0
9054,0,,0
9055,1,,0
9056,0,,0
9057,2,,0
9058,1,,0
9059,0,,0
9060,2,,0
9061,2,,0
9062,0,,0
9063,2,,0
9064,2,,0
9065,0,,0
9066,0,,0
9067,2,,0
9068,0,,0
9069,2,,0
9070,2,,0
9071,1,,0
9072,1,,0
9073,2,,0
9074,0,,0
9075,2,,0
9076,0,,0
9077,0,,0
9078,2,,0
9079,0,,0
9080,0,,0
9081,0,,0
9082,0,,0
9083,0,,0
9084,1,,0
9085,0,,0
9086,1,,0
9087,0,,0
9088,0,,0
9089,2,,0
9090,2,,0
9091,1,,0
9092,2,,0
9093,1,,0
9094,0,,0
9095,1,,0
9096,1,,0
9097,2,,0
9098,1,,0
9099,2,,0
9100,1,,0
9101,2,,0
9102,0,,0
9103,0,,0
9104,0,,0
9105,0,,0
9106,1,,0
9107,2,,0
9108,1,,0
9109,0,,0
9110,2,,0
9111,2,,0
9112,1,,0
9113,1,,0
9114,1,,0
9115,1,,0
9116,0,,0
9117,0,,0
9118,1,,0
9119,0,,0
9120,0,,0
9121,1,,0
9122,0,,0
9123,1,,0
9124,1,,0
9125,0,,0
9126,1,,0
9127,0,,0
9128,0,,0
9129,0,,0
9130,0,,0
9131,0,,0
9132,0,,0
9133,2,,0
9134,1,,0
9135,2,,0
9136,2,,0
9137,1,,0
9138,1,,0
9139,0,,0
9140,0,,0
9141,0,,0
9142,2,,0
9143,0,,0
9144,2,,0
9145,1,,0
9146,1,,0
9147,1,,0
9148,0,,0
9149,2,,0
9150,2,,0
9151,0,,0
9152,0,,0
9153,2,,0
9154,0,,0
9155,0,,0
9156,0,,0
9157,1,,0
9158,2,,0
9159,2,,0
9160,1,,0
9161,2,,0
9162,1,,0
9163,1,,0
9164,0,,0
9165,1,,0
9166,1,,0
9167,0,,0
9168,0,,0
9169,2,,0
9170,1,,0
9171,0,,0
9172,2,,0
9173,2,,0
9174,1,,0
9175,0,,0
9176,1,,0
9177,2,,0
9178,1,,0
9179,0,,0
9180,0,,0
9181,0,,0
9182,0,,0
9183,0,,0
9184,1,,0
9185,2,,0
9186,2,,0
9187,2,,0
9188,1,,0
9189,2,,0
9190,0,,0
9191,1,,0
9192,0,,0
9193,2,,0
9194,2,,0
9195,2,,0
9196,2,,0
9197,0,,0
9198,2,,0
9199,1,,0
9200,1,,0
9201,1,,0
9202,1,,0
9203,0,,0
9204,0,,0
9205,0,,0
9206,2,,0
9207,2,,0
9208,2,,0
9209,0,,0
9210,0,,0
9211,0,,0
9212,1,,0
9213,2,,0
9214,1,,0
9215,0,,0
9216,2,,0
9217,0,,0
9218,2,,0
9219,0,,0
9220,0,,0
9221,2,,0
9222,1,,0
9223,1,,0
9224,0,,0
9225,2,,0
9226,2,,0
9227,0,,0
9228,1,,0
9229,2,,0
9230,0,,0
9231,2,,0
9232,2,,0
9233,2,,0
9234,1,,0
9235,0,,0
9236,2,,0
9237,0,,0
9238,2,,0
9239,1,,0
9240,2,,0
9241,2,,0
9242,1,,0
9243,1,,0
9244,1,,0
9245,0,,0
9246,2,,0
9247,1,,0
9248,0,,0
9249,0,,0
9250,2,,0
9251,0,,0
9252,1,,0
9253,1,,0
9254,1,,0
9255,0,,0
9256,2,,0
9257,1,,0
9258,2,,0
9259,2,,0
9260,1,,0
9261,0,,0
9262,2,,0
9263,0,,0
9264,1,,0
9265,1,,0
9266,2,,0
9267,2,,0
9268,2,,0
9269,0,,0
9270,2,,0
9271,1,,0
9272,2,,0
9273,2,,0
9274,2,,0
9275,0,,0
9276,1,,0
9277,1,,0
9278,1,,0
9279,0,,0
9280,0,,0
9281,1,,0
9282,2,,0
9283,0,,0
9284,1,,0
9285,0,,0
9286,0,,0
9287,1,,0
9288,0,,0
9289,2,,0
9290,0,,0
9291,0,,0
9292,0,,0
9293,0,,0
9294,0,,0
9295,1,,0
9296,2,,0
9297,1,,0
9298,2,,0
9299,2,,0
9300,0,,0
9301,0,,0
9302,1,,0
9303,1,,0
9304,1,,0
9305,1,,0
9306,2,,0
9307,0,,0
9308,0,,0
9309,0,,0
9310,2,,0
9311,2,,0
9312,0,,0
9313,2,,0
9314,2,,0
9315,1,,0
9316,1,,0
9317,1,,0
9318,1,,0
9319,2,,0
9320,2,,0
9321,0,,0
9322,1,,0
9323,0,,0
9324,2,,0
9325,0,,0
9326,2,,0
9327,1,,0
9328,0,,0
9329,0,,0
9330,2,,0
9331,1,,0
9332,1,,0
9333,0,,0
9334,0,,0
9335,0,,0
9336,0,,0
9337,1,,0
9338,0,,0
9339,0,,0
9340,1,,0
9341,2,,0
9342,2,,0
9343,0,,0
9344,2,,0
9345,2,,0
9346,2,,0
9347,1,,0
9348,2,,0
9349,0,,0
9350,0,,0
9351,0,,0
9352,0,,0
9353,2,,0
9354,2,,0
9355,2,,0
9356,1,,0
9357,1,,0
9358,0,,0
9359,0,,0
9360,0,,0
9361,0,,0
9362,2,,0
9363,1,,0
9364,2,,0
9365,1,,0
9366,2,,0
9367,2,,0
9368,2,,0
9369,1,,0
9370,1,,0
9371,0,,0
9372,2,,0
9373,2,,0
9374,1,,0
9375,1,,0
9376,2,,0
9377,2,,0
9378,0,,0
9379,0,,0
9380,1,,0
9381,0,,0
9382,0,,0
9383,0,,0
9384,0,,0
9385,1,,0
9386,0,,0
9387,2,,0
9388,0,,0
9389,2,,0
9390,0,,0
9391,0,,0
9392,1,,0
9393,1,,0
9394,0,,0
9395,2,,0
9396,2,,0
9397,0,,0
9398,0,,0
9399,2,,0
9400,1,,0
9401,0,,0
9402,1,,0
9403,2,,0
9404,2,,0
9405,1,,0
9406,0,,0
9407,0,,0
9408,0,,0
9409,1,,0
9410,1,,0
9411,1,,0
9412,1,,0
9413,1,,0
9414,2,,0
9415,1,,0
9416,1,,0
9417,1,,0
9418,1,,0
9419,2,,0
9420,1,,0
9421,0,,0
9422,2,,0
9423,1,,0
9424,1,,0
9425,2,,0
9426,1,,0
9427,0,,0
9428,1,,0
9429,0,,0
9430,1,,0
9431,2,,0
9432,2,,0
9433,0,,0
9434,1,,0
9435,0,,0
9436,0,,0
9437,1,,0
9438,2,,0
9439,1,,0
9440,0,,0
9441,2,,0
9442,1,,0
9443,1,,0
9444,2,,0
9445,0,,0
9446,2,,0
9447,1,,0
9448,0,,0
9449,2,,0
9450,2,,0
9451,0,,0
9452,1,,0
9453,0,,0
9454,0,,0
9455,1,,0
9456,2,,0
9457,1,,0
9458,2,,0
9459,2,,0
9460,2,,0
9461,1,,0
9462,0,,0
9463,2,,0
9464,1,,0
9465,0,,0
9466,1,,0
9467,0,,0
9468,0,,0
9469,1,,0
9470,0,,0
9471,1,,0
9472,0,,0
9473,1,,0
9474,1,,0
9475,0,,0
9476,2,,0
9477,0,,0
9478,1,,0
9479,0,,0
9480,1,,0
9481,0,,0
9482,0,,0
9483,0,,0
9484,0,,0
9485,2,,0
9486,1,,0
9487,0,,0
9488,0,,0
9489,2,,0
9490,0,,0
9491,2,,0
9492,2,,0
9493,1,,0
9494,2,,0
9495,1,,0
9496,1,,0
9497,1,,0
9498,1,,0
9499,2,,0
9500,1,,0
9501,2,,0
9502,2,,0
9503,0,,0
9504,1,,0
9505,0,,0
9506,0,,0
9507,1,,0
9508,0,,0
9509,2,,0
9510,1,,0
9511,1,,0
9512,1,,0
9513,0,,0
9514,1,,0
9515,0,,0
9516,2,,0
9517,1,,0
9518,0,,0
9519,1,,0
9520,1,,0
9521,0,,0
9522,0,,0
9523,2,,0
9524,2,,0
9525,0,,0
9526,1,,0
9527,1,,0
9528,1,,0
9529,1,,0
9530,0,,0
9531,2,,0
9532,0,,0
9533,1,,0
9534,2,,0
9535,0,,0
9536,1,,0
9537,2,,0
9538,0,,0
9539,0,,0
9540,1,,0
9541,0,,0
9542,2,,0
9543,0,,0
9544,2,,0
9545,2,,0
9546,2,,0
9547,2,,0
9548,1,,0
9549,1,,0
9550,2,,0
9551,0,,0
9552,2,,0
9553,2,,0
9554,1,,0
9555,2,,0
9556,0,,0
9557,1,,0
9558,0,,0
9559,0,,0
9560,0,,0
9561,2,,0
9562,1,,0
9563,1,,0
9564,2,,0
9565,0,,0
9566,2,,0
9567,1,,0
9568,2,,0
9569,2,,0
9570,1,,0
9571,0,,0
9572,1,,0
9573,1,,0
9574,1,,0
9575,0,,0
9576,2,,0
9577,2,,0
9578,0,,0
9579,1,,0
9580,2,,0
9581,1,,0
9582,2,,0
9583,1,,0
9584,2,,0
9585,2,,0
9586,2,,0
9587,2,,0
9588,0,,0
9589,2,,0
9590,1,,0
9591,0,,0
9592,1,,0
9593,0,,0
9594,2,,0
9595,0,,0
9596,1,,0
9597,1,,0
9598,0,,0
9599,0,,0
9600,0,,0
9601,2,,0
9602,1,,0
9603,1,,0
9604,0,,0
9605,2,,0
9606,2,,0
9607,1,,0
9608,2,,0
9609,0,,0
9610,1,,0
9611,1,,0
9612,2,,0
9613,1,,0
9614,1,,0
9615,1,,0
9616,0,,0
9617,0,,0
9618,2,,0
9619,0,,0
9620,0,,0
9621,1,,0
9622,2,,0
9623,0,,0
9624,2,,0
9625,1,,0
9626,0,,0
9627,2,,0
9628,2,,0
9629,1,,0
9630,2,,0
9631,2,,0
9632,0,,0
9633,2,,0
9634,0,,0
9635,1,,0
9636,0,,0
9637,2,,0
9638,0,,0
9639,0,,0
9640,0,,0
9641,0,,0
9642,2,,0
9643,1,,0
9644,0,,0
9645,2,,0
9646,0,,0
9647,1,,0
9648,1,,0
9649,0,,0
9650,2,,0
9651,0,,0
9652,2,,0
9653,2,,0
9654,1,,0
9655,0,,0
9656,0,,0
9657,1,,0
9658,1,,0
9659,1,,0
9660,0,,0
9661,2,,0
9662,2,,0
9663,1,,0
9664,1,,0
9665,1,,0
9666,2,,0
9667,0,,0
9668,2,,0
9669,2,,0
9670,0,,0
9671,0,,0
9672,1,,0
9673,0,,0
9674,0,,0
9675,1,,0
9676,1,,0
9677,0,,0
9678,0,,0
9679,1,,0
9680,0,,0
9681,1,,0
9682,0,,0
9683,0,,0
9684,2,,0
9685,2,,0
9686,2,,0
9687,2,,0
9688,2,,0
9689,1,,0
9690,2,,0
9691,0,,0
9692,1,,0
9693,1,,0
9694,2,,0
9695,0,,0
9696,1,,0
9697,0,,0
9698,1,,0
9699,1,,0
9700,1,,0
9701,2,,0
9702,0,,0
9703,1,,0
9704,1,,0
9705,1,,0
9706,2,,0
9707,2,,0
9708,1,,0
9709,1,,0
9710,1,,0
9711,2,,0
9712,2,,0
9713,0,,0
9714,1,,0
9715,0,,0
9716,2,,0
9717,0,,0
9718,0,,0
9719,2,,0
9720,0,,0
9721,0,,0
9722,2,,0
9723,0,,0
9724,2,,0
9725,2,,0
9726,2,,0
9727,1,,0
9728,0,,0
9729,1,,0
9730,2,,0
9731,1,,0
9732,0,,0
9733,0,,0
9734,0,,0
9735,0,,0
9736,0,,0
9737,0,,0
9738,0,,0
9739,2,,0
9740,2,,0
9741,0,,0
9742,0,,0
9743,1,,0
9744,1,,0
9745,2,,0
9746,0,,0
9747,2,,0
9748,0,,0
9749,0,,0
9750,0,,0
9751,2,,0
9752,0,,0
9753,0,,0
9754,2,,0
9755,0,,0
9756,1,,0
9757,0,,0
9758,2,,0
9759,2,,0
9760,1,,0
9761,2,,0
9762,1,,0
9763,2,,0
9764,1,,0
9765,1,,0
9766,2,,0
9767,0,,0
9768,0,,0
9769,0,,0
9770,1,,0
9771,2,,0
9772,2,,0
9773,1,,0
9774,1,,0
9775,0,,0
9776,2,,0
9777,1,,0
9778,0,,0
9779,0,,0
9780,0,,0
9781,2,,0
9782,2,,0
9783,1,,0
9784,0,,0
9785,2,,0
9786,1,,0
9787,0,,0
9788,2,,0
9789,0,,0
9790,0,,0
9791,2,,0
9792,1,,0
9793,1,,0
9794,0,,0
9795,2,,0
9796,1,,0
9797,0,,0
9798,0,,0
9799,2,,0
9800,0,,0
9801,2,,0
9802,0,,0
9803,0,,0
9804,0,,0
9805,1,,0
9806,2,,0
9807,1,,0
9808,2,,0
9809,1,,0
9810,1,,0
9811,0,,0
9812,1,,0
9813,2,,0
9814,1,,0
9815,0,,0
9816,0,,0
9817,1,,0
9818,2,,0
9819,2,,0
9820,2,,0
9821,0,,0
9822,0,,0
9823,0,,0
9824,2,,0
9825,0,,0
9826,2,,0
9827,2,,0
9828,1,,0
9829,1,,0
9830,2,,0
9831,0,,0
9832,0,,0
9833,1,,0
9834,0,,0
9835,0,,0
9836,2,,0
9837,2,,0
9838,1,,0
9839,0,,0
9840,0,,0
9841,2,,0
9842,2,,0
9843,2,,0
9844,0,,0
9845,1,,0
9846,1,,0
9847,1,,0
9848,2,,0
9849,1,,0
9850,0,,0
9851,1,,0
9852,1,,0
9853,0,,0
9854,2,,0
9855,2,,0
9856,0,,0
9857,2,,0
9858,2,,0
9859,0,,0
9860,2,,0
9861,2,,0
9862,1,,0
9863,1,,0
9864,1,,0
9865,1,,0
9866,0,,0
9867,0,,0
9868,1,,0
9869,2,,0
9870,0,,0
9871,0,,0
9872,0,,0
9873,1,,0
9874,0,,0
9875,2,,0
9876,1,,0
9877,1,,0
9878,1,,0
9879,1,,0
9880,2,,0
9881,1,,0
9882,0,,0
9883,0,,0
9884,1,,0
9885,1,,0
9886,1,,0
9887,2,,0
9888,0,,0
9889,1,,0
9890,1,,0
9891,2,,0
9892,2,,0
9893,1,,0
9894,0,,0
9895,0,,0
9896,0,,0
9897,1,,0
9898,0,,0
9899,0,,0
9900,0,,0
9901,2,,0
9902,0,,0
9903,2,,0
9904,0,,0
9905,2,,0
9906,1,,0
9907,0,,0
9908,1,,0
9909,2,,0
9910,2,,0
9911,2,,0
9912,1,,0
9913,1,,0
9914,0,,0
9915,1,,0
9916,1,,0
9917,0,,0
9918,1,,0
9919,2,,0
9920,2,,0
9921,1,,0
9922,2,,0
9923,0,,0
9924,1,,0
9925,1,,0
9926,1,,0
9927,2,,0
9928,2,,0
9929,1,,0
9930,0,,0
9931,0,,0
9932,0,,0
9933,1,,0
9934,2,,0
9935,0,,0
9936,1,,0
9937,1,,0
9938,2,,0
9939,1,,0
9940,0,,0
9941,2,,0
9942,1,,0
9943,2,,0
9944,0,,0
9945,0,,0
9946,2,,0
9947,2,,0
9948,1,,0
9949,2,,0
9950,1,,0
9951,1,,0
9952,1,,0
9953,0,,0
9954,1,,0
9955,2,,0
9956,2,,0
9957,1,,0
9958,1,,0
9959,0,,0
9960,2,,0
9961,2,,0
9962,1,,0
9963,1,,0
9964,1,,0
9965,0,,0
9966,1,,0
9967,2,,0
9968,2,,0
9969,1,,0
9970,1,,0
9971,0,,0
9972,2,,0
9973,1,,0
9974,0,,0
9975,2,,0
9976,1,,0
9977,0,,0
9978,2,,0
9979,0,,0
9980,0,,0
9981,2,,0
9982,0,,0
9983,1,,0
9984,0,,0
9985,2,,0
9986,2,,0
9987,0,,0
9988,0,,0
9989,2,,0
9990,2,,0
9991,2,,0
9992,2,,0
9993,0,,0
9994,1,,0
9995,0,,0
9996,1,,0
9997,2,,0
9998,2,,0
9999,2,,0
